Index,GPU,ProblemSize,ThreadsPerBlock,NumBlocks,Alignment,Operation,Avg_SingleThreadTime(sec),Avg_KernelTime(sec),Avg_Speedup
1,GPU_2,1030,448,4,good,subtraction,5.5e-06,1.15e-05,0.48
2,GPU_2,1035,224,10,good,subtraction,5e-06,1.15e-05,0.44999999999999996
3,GPU_2,1041,512,5,good,subtraction,6e-06,1.15e-05,0.515
4,GPU_2,1048,47,33,bad,subtraction,5e-06,1.5e-05,0.345
5,GPU_2,1053,640,4,good,subtraction,5e-06,1.45e-05,0.375
6,GPU_2,1055,320,8,good,subtraction,6e-06,1.1e-05,0.56
7,GPU_2,1058,352,6,good,subtraction,5.5e-06,1.4e-05,0.41
8,GPU_2,1059,128,14,good,subtraction,6e-06,1.45e-05,0.43000000000000005
9,GPU_2,1071,657,4,bad,subtraction,5.5e-06,1.45e-05,0.4
10,GPU_2,1073,384,3,good,subtraction,6e-06,1.15e-05,0.53
11,GPU_2,1081,882,4,bad,subtraction,5.5e-06,1.45e-05,0.4
12,GPU_2,1108,75,26,bad,subtraction,6e-06,1.55e-05,0.42500000000000004
13,GPU_2,1125,224,6,good,subtraction,5.5e-06,1.0500000000000001e-05,0.52
14,GPU_2,1133,1024,4,good,subtraction,6e-06,1.1e-05,0.54
15,GPU_2,1137,384,4,good,subtraction,6e-06,1.1e-05,0.5449999999999999
16,GPU_2,1138,680,4,bad,subtraction,5.5e-06,2.1000000000000002e-05,0.36000000000000004
17,GPU_2,1140,736,4,good,subtraction,5.5e-06,2.3500000000000002e-05,0.25
18,GPU_2,1145,928,4,good,subtraction,5.5e-06,1.9e-05,0.28500000000000003
19,GPU_2,1157,175,8,bad,subtraction,5e-06,1.3000000000000001e-05,0.395
20,GPU_2,1194,480,6,good,subtraction,5e-06,1.1e-05,0.445
21,GPU_2,1204,256,5,good,subtraction,6e-06,1e-05,0.585
22,GPU_2,1212,896,4,good,subtraction,6e-06,1.1e-05,0.535
23,GPU_2,1237,864,3,good,subtraction,6.5000000000000004e-06,1.15e-05,0.5700000000000001
24,GPU_2,1242,207,7,bad,subtraction,6e-06,1.4000000000000001e-05,0.45499999999999996
25,GPU_2,1243,576,6,good,subtraction,6e-06,1.2e-05,0.495
26,GPU_2,1245,96,16,good,subtraction,6e-06,1.2e-05,0.49
27,GPU_2,1253,288,9,good,subtraction,6e-06,1.1e-05,0.545
28,GPU_2,1255,881,2,bad,subtraction,6.5000000000000004e-06,1.5e-05,0.475
29,GPU_2,1258,793,3,bad,subtraction,6e-06,1.2e-05,0.505
30,GPU_2,1273,232,11,bad,subtraction,6e-06,1.4e-05,0.455
31,GPU_2,1275,497,4,bad,subtraction,6e-06,1.1e-05,0.555
32,GPU_2,1295,992,2,good,subtraction,6.5000000000000004e-06,1.15e-05,0.5549999999999999
33,GPU_2,1302,608,4,good,subtraction,6.5000000000000004e-06,1.55e-05,0.435
34,GPU_2,1307,672,3,good,subtraction,6.5000000000000004e-06,1.2e-05,0.5449999999999999
35,GPU_2,1321,896,2,good,subtraction,7e-06,1.5e-05,0.495
36,GPU_2,1324,480,4,good,subtraction,6e-06,1.1e-05,0.5549999999999999
37,GPU_2,1339,224,6,good,subtraction,6.5000000000000004e-06,1.1e-05,0.5800000000000001
38,GPU_2,1340,832,3,good,subtraction,6.5000000000000004e-06,1.1e-05,0.6
39,GPU_2,1368,296,10,bad,subtraction,6.5000000000000004e-06,1.8e-05,0.36
40,GPU_2,1378,954,3,bad,subtraction,6e-06,1.1e-05,0.53
41,GPU_2,1382,992,3,good,subtraction,6.5000000000000004e-06,1.45e-05,0.475
42,GPU_2,1385,928,2,good,subtraction,6.5000000000000004e-06,1.5e-05,0.45999999999999996
43,GPU_2,1387,979,3,bad,subtraction,6e-06,1.0500000000000001e-05,0.575
44,GPU_2,1404,1018,3,bad,subtraction,6.5000000000000004e-06,1.1e-05,0.575
45,GPU_2,1416,128,14,good,subtraction,6.5000000000000004e-06,0.00017150000000000002,0.27
46,GPU_2,1434,848,4,bad,subtraction,7e-06,1.1e-05,0.64
47,GPU_2,1458,896,3,good,subtraction,7e-06,1.45e-05,0.495
48,GPU_2,1483,663,3,bad,subtraction,7e-06,1.4e-05,0.515
49,GPU_2,1498,210,9,bad,subtraction,7.499999999999999e-06,1.2e-05,0.645
50,GPU_2,1502,246,14,bad,subtraction,7e-06,1.1e-05,0.63
51,GPU_2,1510,480,6,good,subtraction,7e-06,1.0500000000000001e-05,0.66
52,GPU_2,1524,140,22,bad,subtraction,7e-06,1.4000000000000001e-05,0.54
53,GPU_2,1531,832,2,good,subtraction,7e-06,1.0500000000000001e-05,0.665
54,GPU_2,1567,990,3,bad,subtraction,7e-06,1.4e-05,0.525
55,GPU_2,1572,224,8,good,subtraction,7e-06,1.4e-05,0.53
56,GPU_2,1574,896,2,good,subtraction,7.499999999999999e-06,1.15e-05,0.6499999999999999
57,GPU_2,1587,960,3,good,subtraction,7e-06,1.0500000000000001e-05,0.665
58,GPU_2,1596,864,3,good,subtraction,7.499999999999999e-06,1e-05,0.73
59,GPU_2,1602,512,5,good,subtraction,7.499999999999999e-06,1.0500000000000001e-05,0.71
60,GPU_2,1664,576,6,good,subtraction,7.499999999999999e-06,1.45e-05,0.565
61,GPU_2,1716,608,4,good,subtraction,7.499999999999999e-06,1.4000000000000001e-05,0.55
62,GPU_2,1719,480,8,good,subtraction,7.499999999999999e-06,1.0500000000000001e-05,0.6950000000000001
63,GPU_2,1754,672,5,good,subtraction,8e-06,1.2e-05,0.655
64,GPU_2,1818,917,2,bad,subtraction,8e-06,1.2e-05,0.675
65,GPU_2,1820,1023,4,bad,subtraction,8e-06,1.1e-05,0.7250000000000001
66,GPU_2,1826,864,4,good,subtraction,7.499999999999999e-06,1.2e-05,0.62
67,GPU_2,1841,128,17,good,subtraction,8e-06,1.0500000000000001e-05,0.75
68,GPU_2,1866,572,8,bad,subtraction,8.5e-06,1.0500000000000001e-05,0.8
69,GPU_2,1948,288,14,good,subtraction,9e-06,1.4000000000000001e-05,0.6799999999999999
70,GPU_2,2027,160,16,good,subtraction,9e-06,1.45e-05,0.675
71,GPU_2,2091,820,3,bad,subtraction,9e-06,1.1e-05,0.815
72,GPU_2,2150,352,7,good,subtraction,9e-06,1.4000000000000001e-05,0.69
73,GPU_2,2186,768,5,good,subtraction,9e-06,1.1e-05,0.84
74,GPU_2,2242,830,3,bad,subtraction,9e-06,1.8e-05,0.51
75,GPU_2,2315,147,30,bad,subtraction,1e-05,1.55e-05,0.7150000000000001
76,GPU_2,2340,448,8,good,subtraction,1e-05,1.95e-05,0.5
77,GPU_2,2351,256,17,good,subtraction,1e-05,1.7e-05,0.5800000000000001
78,GPU_2,2368,224,17,good,subtraction,1e-05,2.3500000000000002e-05,0.45000000000000007
79,GPU_2,2455,736,6,good,subtraction,1.2e-05,1.4000000000000001e-05,0.9450000000000001
80,GPU_2,2456,672,4,good,subtraction,1e-05,1.4e-05,0.735
81,GPU_2,2463,448,7,good,subtraction,1.0500000000000001e-05,1.15e-05,0.9299999999999999
82,GPU_2,2543,335,10,bad,subtraction,1.0500000000000001e-05,9.999999999999999e-06,1.1
83,GPU_2,2603,665,7,bad,subtraction,1.1e-05,1.0500000000000001e-05,1.0350000000000001
84,GPU_2,2623,992,3,good,subtraction,1.1e-05,1.1e-05,1.0150000000000001
85,GPU_2,2643,545,10,bad,subtraction,1.1e-05,1.0500000000000001e-05,1.0150000000000001
86,GPU_2,2653,754,4,bad,subtraction,1.0500000000000001e-05,1.45e-05,0.79
87,GPU_2,2671,935,5,bad,subtraction,1.1e-05,1.5e-05,0.78
88,GPU_2,2713,386,14,bad,subtraction,1.1e-05,1e-05,1.06
89,GPU_2,2762,992,5,good,subtraction,1.15e-05,1.8500000000000002e-05,0.625
90,GPU_2,2770,864,6,good,subtraction,1.1e-05,1.15e-05,0.94
91,GPU_2,2772,992,6,good,subtraction,1.15e-05,1.15e-05,0.9850000000000001
92,GPU_2,2775,160,22,good,subtraction,1.1e-05,1.15e-05,0.9450000000000001
93,GPU_2,2794,672,8,good,subtraction,1.2e-05,1.55e-05,0.8400000000000001
94,GPU_2,2836,192,16,good,subtraction,1.15e-05,1.0500000000000001e-05,1.065
95,GPU_2,2843,468,10,bad,subtraction,1.15e-05,1.75e-05,0.65
96,GPU_2,2862,128,25,good,subtraction,1.1e-05,1.1e-05,0.96
97,GPU_2,2923,416,9,good,subtraction,1.15e-05,1.8e-05,0.63
98,GPU_2,2955,896,8,good,subtraction,1.2499999999999999e-05,1.4e-05,0.935
99,GPU_2,3007,36,163,bad,subtraction,1.2e-05,1.1e-05,1.1
100,GPU_2,3016,672,6,good,subtraction,1.2e-05,1.15e-05,1.075
101,GPU_2,3035,832,7,good,subtraction,1.35e-05,1.1e-05,1.2349999999999999
102,GPU_2,3039,712,9,bad,subtraction,1.2e-05,1e-05,1.17
103,GPU_2,3100,960,7,good,subtraction,1.3e-05,1.2e-05,1.1150000000000002
104,GPU_2,3115,32,129,good,subtraction,1.2e-05,1.75e-05,0.6950000000000001
105,GPU_2,3117,384,13,good,subtraction,1.2499999999999999e-05,1.35e-05,0.98
106,GPU_2,3153,221,20,bad,subtraction,1.2499999999999999e-05,1.5e-05,0.935
107,GPU_2,3181,513,9,bad,subtraction,1.2e-05,1.45e-05,0.885
108,GPU_2,3225,395,9,bad,subtraction,1.3e-05,1.45e-05,0.975
109,GPU_2,3256,645,12,bad,subtraction,1.3e-05,1.15e-05,1.13
110,GPU_2,3312,222,15,bad,subtraction,1.3e-05,1.5e-05,0.96
111,GPU_2,3331,160,26,good,subtraction,1.3e-05,1.8e-05,0.705
112,GPU_2,3384,594,7,bad,subtraction,1.3e-05,1.15e-05,1.1400000000000001
113,GPU_2,3443,963,4,bad,subtraction,1.4e-05,1.4000000000000001e-05,1.0550000000000002
114,GPU_2,3454,389,16,bad,subtraction,1.4e-05,1.55e-05,0.995
115,GPU_2,3474,320,21,good,subtraction,1.4e-05,1.45e-05,1.02
116,GPU_2,3568,448,11,good,subtraction,1.4e-05,1.8500000000000002e-05,0.865
117,GPU_2,3594,32,113,good,subtraction,1.4e-05,1.1e-05,1.315
118,GPU_2,3646,793,9,bad,subtraction,1.45e-05,1.5e-05,0.975
119,GPU_2,3687,289,23,bad,subtraction,1.45e-05,1.45e-05,1.015
120,GPU_2,3833,480,16,good,subtraction,1.45e-05,1.1e-05,1.345
121,GPU_2,3984,391,14,bad,subtraction,1.5e-05,1.0500000000000001e-05,1.405
122,GPU_2,4046,320,21,good,subtraction,1.5e-05,1.15e-05,1.315
123,GPU_2,4051,790,11,bad,subtraction,1.5e-05,1.1e-05,1.3599999999999999
124,GPU_2,4082,722,6,bad,subtraction,1.55e-05,1.8e-05,0.86
125,GPU_2,4085,534,15,bad,subtraction,1.5e-05,1.45e-05,1.1
126,GPU_2,4087,885,5,bad,subtraction,1.6e-05,1.0500000000000001e-05,1.52
127,GPU_2,4091,96,70,good,subtraction,1.5e-05,1.1e-05,1.375
128,GPU_2,4141,160,34,good,subtraction,1.5e-05,1.45e-05,1.125
129,GPU_2,4211,370,20,bad,subtraction,1.6e-05,1.8e-05,0.9
130,GPU_2,4261,228,31,bad,subtraction,1.6e-05,1.8e-05,0.885
131,GPU_2,4371,272,28,bad,subtraction,1.7e-05,1.8500000000000002e-05,0.905
132,GPU_2,4395,1012,8,bad,subtraction,1.7e-05,1.1e-05,1.5950000000000002
133,GPU_2,4437,512,9,good,subtraction,1.65e-05,1.5e-05,1.155
134,GPU_2,4442,220,21,bad,subtraction,1.7e-05,1.1e-05,1.535
135,GPU_2,4452,80,99,bad,subtraction,1.7e-05,1.45e-05,1.235
136,GPU_2,4503,894,6,bad,subtraction,1.7e-05,1.0500000000000001e-05,1.635
137,GPU_2,4508,758,10,bad,subtraction,1.7e-05,1.0500000000000001e-05,1.565
138,GPU_2,4509,801,8,bad,subtraction,1.7e-05,1.4000000000000001e-05,1.29
139,GPU_2,4523,242,22,bad,subtraction,1.75e-05,1.95e-05,1.08
140,GPU_2,4613,736,11,good,subtraction,1.75e-05,1.1e-05,1.5350000000000001
141,GPU_2,4728,94,94,bad,subtraction,1.8e-05,1.0500000000000001e-05,1.6800000000000002
142,GPU_2,4789,248,25,bad,subtraction,1.8e-05,1.15e-05,1.58
143,GPU_2,4859,627,12,bad,subtraction,1.8500000000000002e-05,1.45e-05,1.355
144,GPU_2,4861,206,37,bad,subtraction,1.8500000000000002e-05,1.2e-05,1.5499999999999998
145,GPU_2,4921,384,17,good,subtraction,1.8500000000000002e-05,1.2e-05,1.5899999999999999
146,GPU_2,4942,141,49,bad,subtraction,1.9e-05,1.15e-05,1.7000000000000002
147,GPU_2,5061,192,33,good,subtraction,1.95e-05,1.15e-05,1.745
148,GPU_2,5080,704,11,good,subtraction,1.9e-05,1.0500000000000001e-05,1.755
149,GPU_2,5109,120,71,bad,subtraction,1.9e-05,1.1e-05,1.705
150,GPU_2,5174,416,22,good,subtraction,2e-05,1.35e-05,1.565
151,GPU_2,5184,469,15,bad,subtraction,1.9e-05,1.15e-05,1.65
152,GPU_2,5264,704,12,good,subtraction,1.9e-05,1.45e-05,1.395
153,GPU_2,5289,384,19,good,subtraction,1.95e-05,1.4e-05,1.5
154,GPU_2,5314,700,15,bad,subtraction,2.05e-05,1.2e-05,1.745
155,GPU_2,5422,416,19,good,subtraction,2e-05,1.45e-05,1.4500000000000002
156,GPU_2,5424,320,18,good,subtraction,2.05e-05,1.45e-05,1.48
157,GPU_2,5480,158,54,bad,subtraction,2e-05,1.75e-05,1.125
158,GPU_2,5505,128,52,good,subtraction,2e-05,1.1e-05,1.8050000000000002
159,GPU_2,5536,64,100,good,subtraction,2.1e-05,1.45e-05,1.5499999999999998
160,GPU_2,5650,502,13,bad,subtraction,2.1e-05,1.1e-05,1.965
161,GPU_2,5676,226,44,bad,subtraction,2.1e-05,1.15e-05,1.79
162,GPU_2,5716,409,27,bad,subtraction,2.2e-05,1.1e-05,2.045
163,GPU_2,5961,672,14,good,subtraction,2.2e-05,1.1e-05,2.005
164,GPU_2,6002,448,19,good,subtraction,2.2e-05,1.15e-05,1.96
165,GPU_2,6094,640,14,good,subtraction,2.3e-05,1.1e-05,2.085
166,GPU_2,6221,757,18,bad,subtraction,2.3e-05,1.75e-05,1.3050000000000002
167,GPU_2,6341,384,28,good,subtraction,2.3500000000000002e-05,1.1e-05,2.1
168,GPU_2,6438,960,13,good,subtraction,2.3500000000000002e-05,1.5e-05,1.6
169,GPU_2,6492,947,11,bad,subtraction,2.45e-05,1.1e-05,2.2350000000000003
170,GPU_2,6699,96,138,good,subtraction,2.45e-05,1.1e-05,2.235
171,GPU_2,6729,525,23,bad,subtraction,2.45e-05,1.0500000000000001e-05,2.3449999999999998
172,GPU_2,6739,32,312,good,subtraction,2.45e-05,1.15e-05,2.15
173,GPU_2,7005,333,27,bad,subtraction,2.65e-05,1.75e-05,1.5150000000000001
174,GPU_2,7082,672,16,good,subtraction,2.6e-05,2.45e-05,1.085
175,GPU_2,7157,576,13,good,subtraction,2.6e-05,1.1e-05,2.395
176,GPU_2,7485,864,17,good,subtraction,2.7e-05,1.1e-05,2.48
177,GPU_2,7521,702,18,bad,subtraction,2.7499999999999998e-05,1.1e-05,2.48
178,GPU_2,7550,522,27,bad,subtraction,2.7e-05,1.1e-05,2.4000000000000004
179,GPU_2,7590,817,12,bad,subtraction,2.7e-05,1.1e-05,2.48
180,GPU_2,7618,502,16,bad,subtraction,2.7499999999999998e-05,1.4000000000000001e-05,2.07
181,GPU_2,7624,352,32,good,subtraction,2.7e-05,1.85e-05,1.8
182,GPU_2,7639,569,23,bad,subtraction,2.8e-05,1e-05,2.77
183,GPU_2,7689,477,29,bad,subtraction,2.7e-05,1.45e-05,1.92
184,GPU_2,7776,544,19,good,subtraction,2.8e-05,1.2e-05,2.385
185,GPU_2,7811,928,15,good,subtraction,2.8e-05,1.75e-05,1.6099999999999999
186,GPU_2,7844,973,10,bad,subtraction,2.8e-05,1.75e-05,1.6400000000000001
187,GPU_2,7996,433,19,bad,subtraction,2.8e-05,1.45e-05,1.96
188,GPU_2,8002,912,14,bad,subtraction,2.9e-05,1.1e-05,2.67
189,GPU_2,8106,133,80,bad,subtraction,2.95e-05,1.45e-05,2.085
190,GPU_2,8111,449,22,bad,subtraction,2.95e-05,1.8500000000000002e-05,1.58
191,GPU_2,8243,765,14,bad,subtraction,2.95e-05,1.1e-05,2.66
192,GPU_2,8369,928,14,good,subtraction,3.1e-05,1.1e-05,2.7800000000000002
193,GPU_2,8431,704,20,good,subtraction,3e-05,1.2e-05,2.455
194,GPU_2,8572,153,76,bad,subtraction,3.1e-05,1.0500000000000001e-05,2.95
195,GPU_2,8635,641,14,bad,subtraction,3.1e-05,1.2e-05,2.59
196,GPU_2,8721,640,19,good,subtraction,3.1e-05,1.15e-05,2.675
197,GPU_2,8766,576,30,good,subtraction,3.15e-05,1.5e-05,2.26
198,GPU_2,8983,224,59,good,subtraction,3.2500000000000004e-05,1.0500000000000001e-05,3.0149999999999997
199,GPU_2,9173,941,16,bad,subtraction,3.3e-05,1.15e-05,2.885
200,GPU_2,9207,934,10,bad,subtraction,3.3e-05,1.15e-05,2.935
201,GPU_2,9209,257,43,bad,subtraction,3.2e-05,1.8e-05,1.77
202,GPU_2,9262,352,50,good,subtraction,3.3e-05,1.1e-05,2.96
203,GPU_2,9263,183,55,bad,subtraction,3.2500000000000004e-05,1.2e-05,2.705
204,GPU_2,9289,128,128,good,subtraction,3.4e-05,1.1e-05,3.11
205,GPU_2,9323,245,65,bad,subtraction,3.3e-05,1.1e-05,3.09
206,GPU_2,9438,617,31,bad,subtraction,3.35e-05,1.2e-05,2.8
207,GPU_2,10112,815,18,bad,subtraction,3.5499999999999996e-05,1.6e-05,2.305
208,GPU_2,10210,246,84,bad,subtraction,3.6e-05,1.0500000000000001e-05,3.34
209,GPU_2,10216,896,16,good,subtraction,3.6e-05,1.5e-05,2.545
210,GPU_2,10265,896,17,good,subtraction,3.7e-05,1.45e-05,2.705
211,GPU_2,10284,256,50,good,subtraction,3.65e-05,1.5e-05,2.575
212,GPU_2,10312,55,306,bad,subtraction,3.65e-05,1.15e-05,3.1500000000000004
213,GPU_2,10355,672,25,good,subtraction,3.7e-05,1.1e-05,3.38
214,GPU_2,10399,288,39,good,subtraction,3.7e-05,1.15e-05,3.23
215,GPU_2,10436,992,19,good,subtraction,3.7e-05,1.45e-05,2.735
216,GPU_2,10605,548,31,bad,subtraction,3.7e-05,1.15e-05,3.195
217,GPU_2,10741,517,24,bad,subtraction,3.85e-05,1.1e-05,3.48
218,GPU_2,10752,339,46,bad,subtraction,3.85e-05,1.1e-05,3.545
219,GPU_2,10844,1024,14,good,subtraction,3.8e-05,1.2e-05,3.14
220,GPU_2,10945,576,25,good,subtraction,3.85e-05,1.15e-05,3.38
221,GPU_2,10960,800,17,good,subtraction,3.85e-05,1.2e-05,3.2350000000000003
222,GPU_2,10997,960,23,good,subtraction,3.9e-05,1.55e-05,2.7350000000000003
223,GPU_2,11019,675,22,bad,subtraction,3.9e-05,1.2e-05,3.33
224,GPU_2,11091,920,16,bad,subtraction,3.95e-05,1.1e-05,3.5949999999999998
225,GPU_2,11164,928,14,good,subtraction,3.95e-05,1.1e-05,3.6950000000000003
226,GPU_2,11285,896,17,good,subtraction,4e-05,1.4000000000000001e-05,3.01
227,GPU_2,11338,91,138,bad,subtraction,4e-05,1.8e-05,2.25
228,GPU_2,11377,768,28,good,subtraction,3.9999999999999996e-05,1.1e-05,3.56
229,GPU_2,11409,573,31,bad,subtraction,4e-05,1.2e-05,3.37
230,GPU_2,11512,516,30,bad,subtraction,4.1e-05,1.1e-05,3.73
231,GPU_2,11561,736,18,good,subtraction,4.1e-05,1.15e-05,3.66
232,GPU_2,11840,990,12,bad,subtraction,4.25e-05,1.1e-05,3.865
233,GPU_2,12046,800,26,good,subtraction,4.3e-05,1.15e-05,3.675
234,GPU_2,12068,162,149,bad,subtraction,4.2e-05,1.2e-05,3.4299999999999997
235,GPU_2,12374,424,54,bad,subtraction,4.35e-05,1.4000000000000001e-05,3.34
236,GPU_2,12452,320,41,good,subtraction,4.35e-05,1e-05,4.215
237,GPU_2,12454,187,85,bad,subtraction,4.35e-05,1.15e-05,3.81
238,GPU_2,12564,800,24,good,subtraction,4.4e-05,1.2e-05,3.685
239,GPU_2,12696,66,218,bad,subtraction,4.5e-05,1.1e-05,4.12
240,GPU_2,12924,960,23,good,subtraction,4.55e-05,1.0500000000000001e-05,4.35
241,GPU_2,13082,128,149,good,subtraction,4.6e-05,1.15e-05,3.91
242,GPU_2,13317,768,32,good,subtraction,4.65e-05,1.9999999999999998e-05,2.9050000000000002
243,GPU_2,13634,640,24,good,subtraction,4.85e-05,1.6000000000000003e-05,3.31
244,GPU_2,13864,768,21,good,subtraction,4.85e-05,1.15e-05,4.325
245,GPU_2,13875,640,33,good,subtraction,4.9e-05,1.0500000000000001e-05,4.725
246,GPU_2,14060,704,23,good,subtraction,4.95e-05,1.2e-05,4.03
247,GPU_2,14343,288,99,good,subtraction,5.05e-05,1.4e-05,3.82
248,GPU_2,14668,45,365,bad,subtraction,5.1e-05,1.5e-05,3.585
249,GPU_2,14688,75,287,bad,subtraction,5.1e-05,1.4000000000000001e-05,3.8549999999999995
250,GPU_2,14716,618,38,bad,subtraction,5.15e-05,1.15e-05,4.335000000000001
251,GPU_2,14728,215,91,bad,subtraction,5.2000000000000004e-05,1.0500000000000001e-05,4.880000000000001
252,GPU_2,14856,541,35,bad,subtraction,5.15e-05,1.0500000000000001e-05,4.949999999999999
253,GPU_2,14894,832,20,good,subtraction,5.15e-05,1.0500000000000001e-05,4.805
254,GPU_2,14937,123,213,bad,subtraction,5.2000000000000004e-05,1.4e-05,3.83
255,GPU_2,15096,1024,15,good,subtraction,5.25e-05,1.8500000000000002e-05,2.84
256,GPU_2,15183,512,60,good,subtraction,5.3e-05,1.0500000000000001e-05,4.904999999999999
257,GPU_2,15284,779,39,bad,subtraction,5.35e-05,1.5e-05,3.785
258,GPU_2,15424,779,25,bad,subtraction,5.4e-05,1.1e-05,4.795
259,GPU_2,15466,981,19,bad,subtraction,5.4499999999999997e-05,2.2499999999999998e-05,2.44
260,GPU_2,15476,96,257,good,subtraction,5.4e-05,1.5e-05,3.79
261,GPU_2,15560,157,153,bad,subtraction,5.4e-05,1.5e-05,3.795
262,GPU_2,15790,985,31,bad,subtraction,5.4499999999999997e-05,1.85e-05,3.41
263,GPU_2,16108,736,24,good,subtraction,5.6500000000000005e-05,1.45e-05,4.07
264,GPU_2,16185,429,71,bad,subtraction,5.6500000000000005e-05,1.1e-05,5.135
265,GPU_2,16227,431,49,bad,subtraction,5.7e-05,1.2e-05,4.915
266,GPU_2,16599,118,218,bad,subtraction,5.85e-05,1.5e-05,4.22
267,GPU_2,16845,576,36,good,subtraction,5.85e-05,1.0500000000000001e-05,5.625
268,GPU_2,17265,953,26,bad,subtraction,6e-05,1.1e-05,5.365
269,GPU_2,17318,426,41,bad,subtraction,5.9999999999999995e-05,1.2e-05,5.085000000000001
270,GPU_2,17410,864,35,good,subtraction,6e-05,1.8e-05,3.295
271,GPU_2,17435,192,141,good,subtraction,5.9499999999999996e-05,1.6000000000000003e-05,3.995
272,GPU_2,17562,416,53,good,subtraction,6.1e-05,1.35e-05,4.6850000000000005
273,GPU_2,17782,544,49,good,subtraction,6.1e-05,1.85e-05,3.83
274,GPU_2,17814,938,21,bad,subtraction,6.25e-05,1.1e-05,5.73
275,GPU_2,17846,517,47,bad,subtraction,6.15e-05,1.45e-05,4.5
276,GPU_2,18143,971,24,bad,subtraction,6.3e-05,1.4e-05,4.6
277,GPU_2,18174,608,60,good,subtraction,6.2e-05,1.1e-05,5.75
278,GPU_2,18440,480,45,good,subtraction,6.4e-05,1.1e-05,5.85
279,GPU_2,18496,172,202,bad,subtraction,6.4e-05,1.85e-05,4.325
280,GPU_2,18865,928,26,good,subtraction,6.549999999999999e-05,1.1e-05,5.91
281,GPU_2,18972,160,176,good,subtraction,6.6e-05,1.0500000000000001e-05,6.225
282,GPU_2,19085,108,249,bad,subtraction,6.549999999999999e-05,1.9999999999999998e-05,4.109999999999999
283,GPU_2,19388,1024,19,good,subtraction,6.7e-05,1.1e-05,6.135
284,GPU_2,19390,178,174,bad,subtraction,6.7e-05,1.2e-05,5.6899999999999995
285,GPU_2,19468,438,55,bad,subtraction,6.7e-05,1.45e-05,4.85
286,GPU_2,19774,672,37,good,subtraction,6.85e-05,1e-05,6.6899999999999995
287,GPU_2,19851,288,74,good,subtraction,6.8e-05,1.1e-05,6.1
288,GPU_2,20082,590,46,bad,subtraction,6.95e-05,1.15e-05,6.125
289,GPU_2,20218,399,65,bad,subtraction,6.95e-05,1.35e-05,5.38
290,GPU_2,20347,916,32,bad,subtraction,7.05e-05,1.75e-05,4.03
291,GPU_2,20913,474,81,bad,subtraction,7.2e-05,1.5e-05,5.015
292,GPU_2,21096,480,56,good,subtraction,7.3e-05,1.45e-05,5.495
293,GPU_2,21555,1004,27,bad,subtraction,7.4e-05,1.4000000000000001e-05,5.66
294,GPU_2,21749,647,66,bad,subtraction,7.5e-05,1.8e-05,4.105
295,GPU_2,21859,992,28,good,subtraction,7.5e-05,1.0500000000000001e-05,7.01
296,GPU_2,21916,736,31,good,subtraction,7.45e-05,1.5e-05,5.1850000000000005
297,GPU_2,22628,298,147,bad,subtraction,7.7e-05,1.45e-05,5.585
298,GPU_2,22893,320,108,good,subtraction,7.8e-05,1.4000000000000001e-05,5.98
299,GPU_2,23116,800,30,good,subtraction,7.950000000000001e-05,1.5e-05,5.605
300,GPU_2,24179,483,99,bad,subtraction,8.25e-05,1.0500000000000001e-05,7.81
301,GPU_2,24280,736,52,good,subtraction,8.35e-05,1.45e-05,6.025
302,GPU_2,24284,267,168,bad,subtraction,8.3e-05,1.35e-05,6.455
303,GPU_2,24838,992,46,good,subtraction,8.5e-05,1.15e-05,7.645
304,GPU_2,25078,591,78,bad,subtraction,8.6e-05,1.45e-05,6.36
305,GPU_2,25152,64,657,good,subtraction,8.7e-05,1.6000000000000003e-05,5.865
306,GPU_2,25453,992,50,good,subtraction,8.65e-05,1.15e-05,7.77
307,GPU_2,25478,736,37,good,subtraction,8.75e-05,1.45e-05,6.375
308,GPU_2,26246,64,671,good,subtraction,9e-05,1.5e-05,6.27
309,GPU_2,26328,586,54,bad,subtraction,9.05e-05,1.4e-05,6.805
310,GPU_2,26480,568,55,bad,subtraction,9e-05,1.8e-05,4.945
311,GPU_2,26787,911,38,bad,subtraction,9.2e-05,1.15e-05,8.21
312,GPU_2,26789,459,87,bad,subtraction,9.1e-05,1.15e-05,7.83
313,GPU_2,27162,475,111,bad,subtraction,9.5e-05,1.1e-05,8.649999999999999
314,GPU_2,27686,670,84,bad,subtraction,9.5e-05,1.0500000000000001e-05,9.02
315,GPU_2,28518,832,58,good,subtraction,9.8e-05,1.4e-05,7.34
316,GPU_2,28765,701,81,bad,subtraction,9.8e-05,1.1e-05,8.83
317,GPU_2,28773,480,80,good,subtraction,9.85e-05,1.45e-05,7.33
318,GPU_2,29793,224,196,good,subtraction,0.0001025,1.2e-05,8.485
319,GPU_2,30192,96,391,good,subtraction,0.0001035,1.15e-05,9.15
320,GPU_2,30717,160,357,good,subtraction,0.000105,1.45e-05,7.805
321,GPU_2,30802,672,56,good,subtraction,0.00010449999999999999,1.1e-05,9.55
322,GPU_2,30936,751,47,bad,subtraction,0.000105,1.4e-05,8.04
323,GPU_2,31142,323,125,bad,subtraction,0.0001055,1.1e-05,9.825
324,GPU_2,32114,246,224,bad,subtraction,0.000109,1.5e-05,7.45
325,GPU_2,32361,888,68,bad,subtraction,0.000111,1.5e-05,7.805
326,GPU_2,33091,416,119,good,subtraction,0.0001125,1.5e-05,7.905
327,GPU_2,34412,32,1843,good,subtraction,0.000117,1.55e-05,7.8149999999999995
328,GPU_2,35111,465,83,bad,subtraction,0.0001195,1.0500000000000001e-05,11.25
329,GPU_2,35214,655,64,bad,subtraction,0.000119,1.0500000000000001e-05,11.39
330,GPU_2,35366,832,62,good,subtraction,0.0001205,1.5e-05,8.45
331,GPU_2,36202,279,206,bad,subtraction,0.000123,1e-05,11.825
332,GPU_2,36271,736,54,good,subtraction,0.000123,1.1e-05,11.375
333,GPU_2,36279,845,51,bad,subtraction,0.0001225,1.45e-05,8.675
334,GPU_2,36487,64,910,good,subtraction,0.0001245,1.15e-05,10.885
335,GPU_2,36681,896,58,good,subtraction,0.000125,1.45e-05,9.17
336,GPU_2,36687,736,93,good,subtraction,0.00012550000000000001,1.5e-05,8.825
337,GPU_2,38183,64,657,good,subtraction,0.0001295,1.45e-05,9.4
338,GPU_2,39444,512,97,good,subtraction,0.00013450000000000002,1.45e-05,10.035
339,GPU_2,39626,896,75,good,subtraction,0.000134,1.5e-05,9.4
340,GPU_2,40031,960,69,good,subtraction,0.000137,1.15e-05,11.690000000000001
341,GPU_2,40134,351,195,bad,subtraction,0.00013749999999999998,1.0500000000000001e-05,12.775
342,GPU_2,40186,384,122,good,subtraction,0.0001365,1.0500000000000001e-05,12.9
343,GPU_2,40424,704,107,good,subtraction,0.000138,1.1e-05,12.345
344,GPU_2,40660,256,266,good,subtraction,0.000138,1.15e-05,11.934999999999999
345,GPU_2,40766,128,451,good,subtraction,0.0001385,1.4e-05,10.475
346,GPU_2,42497,800,108,good,subtraction,0.0001445,1.1e-05,13.29
347,GPU_2,42810,181,390,bad,subtraction,0.0001445,1.45e-05,10.855
348,GPU_2,43602,768,67,good,subtraction,0.00014849999999999998,1.45e-05,10.51
349,GPU_2,44210,512,96,good,subtraction,0.0001495,1.0500000000000001e-05,14.195
350,GPU_2,44793,728,102,bad,subtraction,0.000152,1.5e-05,10.89
351,GPU_2,45318,408,116,bad,subtraction,0.000154,1.5e-05,10.745000000000001
352,GPU_2,46347,32,1645,good,subtraction,0.000157,1.2e-05,12.71
353,GPU_2,47043,320,225,good,subtraction,0.000159,1.2e-05,13.36
354,GPU_2,47320,896,78,good,subtraction,0.000164,1.1e-05,14.71
355,GPU_2,47583,366,198,bad,subtraction,0.00016150000000000002,1.1e-05,14.215
356,GPU_2,47941,913,99,bad,subtraction,0.000162,1.1e-05,14.93
357,GPU_2,48148,480,175,good,subtraction,0.000162,1.2e-05,13.629999999999999
358,GPU_2,49543,320,310,good,subtraction,0.0001675,1.1e-05,15.059999999999999
359,GPU_2,49952,576,123,good,subtraction,0.0001695,1.95e-05,11.29
360,GPU_2,51003,96,996,good,subtraction,0.00017250000000000002,1.2e-05,14.185
361,GPU_2,51050,832,84,good,subtraction,0.000173,1.2e-05,14.655000000000001
362,GPU_2,51107,845,100,bad,subtraction,0.0001735,1.2e-05,14.075
363,GPU_2,54679,295,351,bad,subtraction,0.000185,1.1e-05,16.79
364,GPU_2,55858,988,102,bad,subtraction,0.00018800000000000002,1.4e-05,14.535
365,GPU_2,56349,983,107,bad,subtraction,0.00019,1.1e-05,17.229999999999997
366,GPU_2,56814,74,1124,bad,subtraction,0.000191,1.45e-05,14.01
367,GPU_2,57628,832,106,good,subtraction,0.0001945,1.45e-05,14.285
368,GPU_2,57757,96,967,good,subtraction,0.000194,1.5e-05,13.16
369,GPU_2,58366,185,320,bad,subtraction,0.0001985,1.55e-05,13.629999999999999
370,GPU_2,60370,64,1398,good,subtraction,0.0002035,1.2e-05,16.560000000000002
371,GPU_2,60392,98,1093,bad,subtraction,0.00020449999999999998,1.5e-05,13.875
372,GPU_2,61486,768,157,good,subtraction,0.0002075,1.2e-05,17.53
373,GPU_2,64318,922,104,bad,subtraction,0.0002175,1.5e-05,14.754999999999999
374,GPU_2,65949,120,553,bad,subtraction,0.0002225,1.5e-05,15.64
375,GPU_2,66654,320,263,good,subtraction,0.000224,1.5e-05,15.75
376,GPU_2,66847,1024,67,good,subtraction,0.000226,1.0500000000000001e-05,21.064999999999998
377,GPU_2,66885,64,1297,good,subtraction,0.0002255,1.1e-05,20.02
378,GPU_2,68381,418,170,bad,subtraction,0.00023050000000000002,1.15e-05,20.54
379,GPU_2,69131,160,708,good,subtraction,0.000233,1.55e-05,16.235
380,GPU_2,70487,756,137,bad,subtraction,0.0002375,1.95e-05,14.465
381,GPU_2,70675,620,224,bad,subtraction,0.00023950000000000002,1.6000000000000003e-05,15.774999999999999
382,GPU_2,72571,108,1260,bad,subtraction,0.0002455,1.2e-05,20.325000000000003
383,GPU_2,75401,800,112,good,subtraction,0.000253,1.5e-05,17.16
384,GPU_2,75961,288,269,good,subtraction,0.000256,1.2e-05,21.025
385,GPU_2,76683,640,179,good,subtraction,0.000258,1.15e-05,22.535
386,GPU_2,77188,800,175,good,subtraction,0.000259,1.15e-05,22.43
387,GPU_2,78372,796,137,bad,subtraction,0.000265,1.2e-05,21.935000000000002
388,GPU_2,79376,128,1085,good,subtraction,0.0002665,1.5e-05,18.669999999999998
389,GPU_2,80011,320,363,good,subtraction,0.0002695,1.15e-05,23.064999999999998
390,GPU_2,81747,576,282,good,subtraction,0.000274,1.15e-05,24.005
391,GPU_2,83585,64,2179,good,subtraction,0.0002815,1.2499999999999999e-05,22.0
392,GPU_2,83944,928,134,good,subtraction,0.0002835,1.15e-05,25.11
393,GPU_2,84638,768,153,good,subtraction,0.000284,1.5e-05,20.63
394,GPU_2,84772,672,153,good,subtraction,0.000284,1.2e-05,23.52
395,GPU_2,84787,188,690,bad,subtraction,0.000285,1.6000000000000003e-05,18.975
396,GPU_2,86073,419,230,bad,subtraction,0.000289,1.45e-05,20.89
397,GPU_2,89364,742,132,bad,subtraction,0.0003005,1.2e-05,25.125
398,GPU_2,89894,544,327,good,subtraction,0.00030199999999999997,1.2499999999999999e-05,24.295
399,GPU_2,90567,736,211,good,subtraction,0.0003035,1.2499999999999999e-05,24.615000000000002
400,GPU_2,91100,794,149,bad,subtraction,0.0003065,1.2e-05,24.939999999999998
401,GPU_2,91570,37,4225,bad,subtraction,0.0003075,1.4e-05,21.4
402,GPU_2,91581,246,537,bad,subtraction,0.000307,1.5e-05,20.82
403,GPU_2,92519,694,186,bad,subtraction,0.00031099999999999997,1.5e-05,20.915
404,GPU_2,95334,1015,184,bad,subtraction,0.000321,1.2e-05,26.505
405,GPU_2,95366,416,354,good,subtraction,0.00032,1.15e-05,27.945
406,GPU_2,97012,484,219,bad,subtraction,0.000326,1.6000000000000003e-05,21.63
407,GPU_2,97123,60,1771,bad,subtraction,0.000328,1.3000000000000001e-05,25.375
408,GPU_2,99210,453,230,bad,subtraction,0.00033350000000000003,1.2e-05,27.285
409,GPU_2,100728,800,231,good,subtraction,0.0003385,1.65e-05,21.685
410,GPU_2,101671,84,1772,bad,subtraction,0.00034199999999999996,1.2499999999999999e-05,26.615000000000002
411,GPU_2,103625,973,113,bad,subtraction,0.0003485,1.15e-05,30.755000000000003
412,GPU_2,105340,127,1318,bad,subtraction,0.00035400000000000004,1.2e-05,29.035
413,GPU_2,106987,960,182,good,subtraction,0.000359,1.15e-05,30.59
414,GPU_2,106991,675,227,bad,subtraction,0.000359,1.2e-05,29.335
415,GPU_2,107707,551,273,bad,subtraction,0.000363,1.45e-05,26.015
416,GPU_2,108948,691,298,bad,subtraction,0.000366,1.6e-05,23.354999999999997
417,GPU_2,108969,640,340,good,subtraction,0.000365,2.15e-05,20.215
418,GPU_2,109526,658,177,bad,subtraction,0.000367,1.3000000000000001e-05,28.445
419,GPU_2,111110,192,876,good,subtraction,0.0003725,1.6e-05,24.82
420,GPU_2,113159,790,185,bad,subtraction,0.00038,1.15e-05,33.400000000000006
421,GPU_2,116418,640,256,good,subtraction,0.00039,1.2499999999999999e-05,31.375
422,GPU_2,116424,636,197,bad,subtraction,0.000392,1.55e-05,26.604999999999997
423,GPU_2,116920,820,269,bad,subtraction,0.000392,1.2499999999999999e-05,31.495
424,GPU_2,117938,960,158,good,subtraction,0.000396,1.55e-05,26.71
425,GPU_2,118450,601,206,bad,subtraction,0.0003975,1.6e-05,26.055
426,GPU_2,123747,153,1527,bad,subtraction,0.000416,1.2499999999999999e-05,33.504999999999995
427,GPU_2,124959,718,239,bad,subtraction,0.000418,1.5e-05,28.35
428,GPU_2,125900,242,748,bad,subtraction,0.0004225,1.2e-05,35.64
429,GPU_2,127055,255,916,bad,subtraction,0.0004265,1.5e-05,28.705
430,GPU_2,127089,640,366,good,subtraction,0.0004265,1.3000000000000001e-05,33.019999999999996
431,GPU_2,127213,768,235,good,subtraction,0.000426,1.2499999999999999e-05,34.145
432,GPU_2,129084,284,692,bad,subtraction,0.000434,1.2e-05,35.32
433,GPU_2,129227,334,580,bad,subtraction,0.0004345,1.3000000000000001e-05,33.505
434,GPU_2,131483,608,339,good,subtraction,0.000442,1.7e-05,27.5
435,GPU_2,133895,1024,136,good,subtraction,0.00045,1.2499999999999999e-05,36.16
436,GPU_2,134933,886,171,bad,subtraction,0.000452,1.5e-05,30.46
437,GPU_2,135285,773,206,bad,subtraction,0.0004535,1.2e-05,36.765
438,GPU_2,135418,32,6335,good,subtraction,0.0004535,1.95e-05,23.91
439,GPU_2,136171,928,204,good,subtraction,0.000458,1.6000000000000003e-05,29.96
440,GPU_2,137183,862,214,bad,subtraction,0.00046,1.2499999999999999e-05,36.815
441,GPU_2,137306,111,2166,bad,subtraction,0.00046049999999999997,1.3000000000000001e-05,35.625
442,GPU_2,140348,928,154,good,subtraction,0.00047,2.05e-05,27.265
443,GPU_2,142437,793,232,bad,subtraction,0.0004775,1.3000000000000001e-05,36.425
444,GPU_2,144385,873,305,bad,subtraction,0.000484,1.2499999999999999e-05,38.985
445,GPU_2,146423,800,188,good,subtraction,0.000491,1.95e-05,29.18
446,GPU_2,148271,495,415,bad,subtraction,0.000498,1.45e-05,36.33
447,GPU_2,150014,318,827,bad,subtraction,0.000503,1.3000000000000001e-05,39.05500000000001
448,GPU_2,150954,544,382,good,subtraction,0.000505,1.6e-05,33.035
449,GPU_2,152324,128,1551,good,subtraction,0.000509,1.55e-05,34.260000000000005
450,GPU_2,154911,750,286,bad,subtraction,0.0005195,1.7e-05,31.564999999999998
451,GPU_2,156235,704,340,good,subtraction,0.0005235000000000001,1.4999999999999999e-05,36.225
452,GPU_2,157502,715,411,bad,subtraction,0.000527,1.35e-05,38.985
453,GPU_2,158057,224,802,good,subtraction,0.00053,1.2e-05,43.13
454,GPU_2,161025,820,323,bad,subtraction,0.000539,1.95e-05,27.46
455,GPU_2,163333,506,338,bad,subtraction,0.000547,1.9e-05,28.85
456,GPU_2,165933,960,237,good,subtraction,0.000557,1.3e-05,43.795
457,GPU_2,167124,864,273,good,subtraction,0.0005595,1.2499999999999999e-05,44.894999999999996
458,GPU_2,167339,96,3001,good,subtraction,0.0005605,1.4e-05,40.08
459,GPU_2,169752,225,1196,bad,subtraction,0.0005679999999999999,1.6e-05,37.255
460,GPU_2,170410,317,1066,bad,subtraction,0.000571,1.2499999999999999e-05,45.879999999999995
461,GPU_2,177363,495,615,bad,subtraction,0.000593,1.3000000000000001e-05,45.18
462,GPU_2,177379,704,487,good,subtraction,0.0005945,1.35e-05,44.22
463,GPU_2,178431,768,294,good,subtraction,0.0005965,1.35e-05,44.9
464,GPU_2,178753,424,780,bad,subtraction,0.0006000000000000001,1.35e-05,45.92
465,GPU_2,179545,416,801,good,subtraction,0.0006000000000000001,1.35e-05,45.165000000000006
466,GPU_2,182130,835,317,bad,subtraction,0.0006095,1.6000000000000003e-05,40.085
467,GPU_2,183987,436,540,bad,subtraction,0.000616,2.2e-05,34.129999999999995
468,GPU_2,185631,564,505,bad,subtraction,0.0006225,1.4e-05,44.385000000000005
469,GPU_2,188416,864,413,good,subtraction,0.0006315,1.3000000000000001e-05,48.54
470,GPU_2,191916,224,1707,good,subtraction,0.0006410000000000001,1.4e-05,45.870000000000005
471,GPU_2,192678,160,1885,good,subtraction,0.000644,1.2e-05,52.34
472,GPU_2,195878,160,1548,good,subtraction,0.0006555,1.65e-05,42.4
473,GPU_2,201280,675,557,bad,subtraction,0.000673,1.8e-05,38.065
474,GPU_2,202884,443,892,bad,subtraction,0.000678,1.35e-05,51.325
475,GPU_2,204409,160,2318,good,subtraction,0.0006839999999999999,1.95e-05,35.230000000000004
476,GPU_2,204519,544,611,good,subtraction,0.0006839999999999999,1.4e-05,47.82
477,GPU_2,208749,960,432,good,subtraction,0.000699,1.7e-05,41.885000000000005
478,GPU_2,209285,415,925,bad,subtraction,0.0007005,1.4e-05,49.81
479,GPU_2,218414,944,356,bad,subtraction,0.0007305,1.7e-05,44.125
480,GPU_2,221387,63,4723,bad,subtraction,0.0007405000000000001,1.4e-05,51.655
481,GPU_2,224629,404,883,bad,subtraction,0.0007509999999999999,1.4e-05,53.84
482,GPU_2,226507,157,2768,bad,subtraction,0.0007585000000000001,1.45e-05,52.705
483,GPU_2,229105,224,1706,good,subtraction,0.0007665,1.65e-05,48.33
484,GPU_2,232679,704,652,good,subtraction,0.0007795,1.55e-05,49.53
485,GPU_2,233969,755,577,bad,subtraction,0.000784,1.45e-05,54.035
486,GPU_2,238657,213,2172,bad,subtraction,0.0007985,1.4e-05,55.69499999999999
487,GPU_2,238713,823,347,bad,subtraction,0.000798,1.3e-05,62.129999999999995
488,GPU_2,241060,709,618,bad,subtraction,0.0008064999999999999,1.7e-05,47.81
489,GPU_2,241328,846,482,bad,subtraction,0.0008085,1.75e-05,47.545
490,GPU_2,241864,672,560,good,subtraction,0.00081,1.45e-05,54.56
491,GPU_2,244081,320,1026,good,subtraction,0.0008175000000000001,1.35e-05,61.584999999999994
492,GPU_2,251776,64,6886,good,subtraction,0.0008420000000000001,1.6e-05,52.370000000000005
493,GPU_2,253836,127,2536,bad,subtraction,0.0008500000000000001,1.35e-05,63.32
494,GPU_2,253872,81,4546,bad,subtraction,0.0008504999999999999,1.4e-05,59.39
495,GPU_2,258235,276,1658,bad,subtraction,0.0008665000000000001,2.05e-05,46.29
496,GPU_2,264283,612,736,bad,subtraction,0.0008864999999999999,1.6e-05,55.525
497,GPU_2,265805,398,1155,bad,subtraction,0.000891,1.4e-05,61.875
498,GPU_2,269839,350,891,bad,subtraction,0.0009035,1.45e-05,61.935
499,GPU_2,272898,120,2344,bad,subtraction,0.0009135,1.3000000000000001e-05,68.455
500,GPU_2,276424,608,755,good,subtraction,0.000924,2.35e-05,45.32
501,GPU_2,278525,433,768,bad,subtraction,0.000936,1.7e-05,56.015
502,GPU_2,284322,704,785,good,subtraction,0.0009525,1.5e-05,63.129999999999995
503,GPU_2,286535,186,2780,bad,subtraction,0.0009575,1.4e-05,66.57
504,GPU_2,286661,54,10504,bad,subtraction,0.0009584999999999999,1.9e-05,51.155
505,GPU_2,288533,657,709,bad,subtraction,0.0009645000000000001,1.55e-05,62.77499999999999
506,GPU_2,288968,422,1362,bad,subtraction,0.0009665,1.4999999999999999e-05,64.16
507,GPU_2,289623,992,339,good,subtraction,0.000969,1.7e-05,57.45
508,GPU_2,295201,81,3872,bad,subtraction,0.00099,1.3000000000000001e-05,74.5
509,GPU_2,301993,1024,295,good,subtraction,0.0010110000000000002,1.35e-05,75.36500000000001
510,GPU_2,305157,480,917,good,subtraction,0.0010205000000000001,1.35e-05,76.905
511,GPU_2,309970,587,1014,bad,subtraction,0.0010355,1.65e-05,62.835
512,GPU_2,311127,112,3486,bad,subtraction,0.001041,1.7e-05,62.615
513,GPU_2,311209,453,708,bad,subtraction,0.00104,1.4e-05,72.625
514,GPU_2,311296,36,11537,bad,subtraction,0.0010414999999999999,2e-05,51.34
515,GPU_2,313000,448,1169,good,subtraction,0.0010485,1.4999999999999999e-05,70.275
516,GPU_2,313951,838,673,bad,subtraction,0.0010495,1.6e-05,65.08500000000001
517,GPU_2,323776,224,1575,good,subtraction,0.0010834999999999998,1.35e-05,78.485
518,GPU_2,325064,32,11639,good,subtraction,0.0010875,2.8000000000000003e-05,42.11
519,GPU_2,325514,54,11031,bad,subtraction,0.0010885,1.95e-05,55.695
520,GPU_2,334057,992,416,good,subtraction,0.0011175,1.4e-05,77.78
521,GPU_2,336746,512,1192,good,subtraction,0.0011259999999999998,1.45e-05,77.19
522,GPU_2,345621,434,1270,bad,subtraction,0.0011545000000000001,1.4e-05,80.535
523,GPU_2,347069,544,1040,good,subtraction,0.00116,1.75e-05,67.0
524,GPU_2,349612,258,1713,bad,subtraction,0.00117,1.8e-05,67.035
525,GPU_2,350890,686,928,bad,subtraction,0.0011735,1.75e-05,68.75
526,GPU_2,352518,672,736,good,subtraction,0.0011785,1.7e-05,68.96000000000001
527,GPU_2,357082,304,1538,bad,subtraction,0.0011965,1.4999999999999999e-05,80.11500000000001
528,GPU_2,363513,475,1413,bad,subtraction,0.0012185,1.4999999999999999e-05,79.685
529,GPU_2,368412,415,1585,bad,subtraction,0.0012330000000000002,1.4999999999999999e-05,81.765
530,GPU_2,368993,608,609,good,subtraction,0.001234,1.9e-05,65.535
531,GPU_2,372511,416,1471,good,subtraction,0.0012445,1.55e-05,80.735
532,GPU_2,394680,911,619,bad,subtraction,0.00132,1.6e-05,81.785
533,GPU_2,410309,896,584,good,subtraction,0.001373,1.55e-05,88.14
534,GPU_2,411256,608,906,good,subtraction,0.0013735000000000002,1.8e-05,76.045
535,GPU_2,415204,421,1377,bad,subtraction,0.0013885,1.45e-05,95.365
536,GPU_2,416131,960,716,good,subtraction,0.0013905,1.7e-05,82.41999999999999
537,GPU_2,431448,306,2221,bad,subtraction,0.0014445,2.45e-05,65.755
538,GPU_2,434871,992,748,good,subtraction,0.0014535,1.65e-05,88.12
539,GPU_2,437742,195,3611,bad,subtraction,0.0014629999999999999,1.8e-05,79.92500000000001
540,GPU_2,439316,224,2696,good,subtraction,0.0014685,1.55e-05,92.86
541,GPU_2,446789,384,1339,good,subtraction,0.0014965,1.7e-05,89.255
542,GPU_2,447017,656,758,bad,subtraction,0.0014915,1.9e-05,76.935
543,GPU_2,448913,224,3239,good,subtraction,0.0015,1.7e-05,88.39
544,GPU_2,449597,512,1631,good,subtraction,0.001505,1.7e-05,90.28
545,GPU_2,452443,298,2451,bad,subtraction,0.0015125,1.8e-05,82.13
546,GPU_2,464114,288,1980,good,subtraction,0.001553,1.75e-05,88.17500000000001
547,GPU_2,465142,654,1293,bad,subtraction,0.0015535,0.000172,37.77
548,GPU_2,474763,497,1600,bad,subtraction,0.001588,2e-05,79.465
549,GPU_2,494653,837,855,bad,subtraction,0.0016545000000000002,2.3e-05,73.44
550,GPU_2,499627,506,1294,bad,subtraction,0.00167,2.2e-05,76.86500000000001
551,GPU_2,502235,512,1743,good,subtraction,0.00168,2.2e-05,77.495
552,GPU_2,514949,89,9761,bad,subtraction,0.0017205,3.15e-05,58.265
553,GPU_2,570362,544,1805,good,subtraction,0.0019125000000000001,3.2500000000000004e-05,60.9
554,GPU_2,571202,576,1344,good,subtraction,0.0019165,2.6000000000000002e-05,73.8
555,GPU_2,572342,672,1593,good,subtraction,0.001919,2.65e-05,72.295
556,GPU_2,593200,489,1601,bad,subtraction,0.0019895,2.45e-05,82.315
557,GPU_2,599687,312,3317,bad,subtraction,0.002011,2.5e-05,81.565
558,GPU_2,614997,64,17116,good,subtraction,0.0020629999999999997,3.4e-05,62.745000000000005
559,GPU_2,622032,544,1541,good,subtraction,0.0020845,2.85e-05,73.715
560,GPU_2,622920,352,3336,good,subtraction,0.002089,2.7e-05,78.465
561,GPU_2,623270,302,2151,bad,subtraction,0.0020905,2.4e-05,87.095
562,GPU_2,630528,47,20111,bad,subtraction,0.002112,2.95e-05,72.11
563,GPU_2,638423,512,2119,good,subtraction,0.0021390000000000003,2.5e-05,85.59
564,GPU_2,659131,72,11099,bad,subtraction,0.002215,2.7e-05,83.195
565,GPU_2,664886,369,2413,bad,subtraction,0.0022255,2.9e-05,77.86500000000001
566,GPU_2,673544,535,1935,bad,subtraction,0.002258,2.95e-05,76.55000000000001
567,GPU_2,679949,530,2453,bad,subtraction,0.0022884999999999997,3.15e-05,73.4
568,GPU_2,701727,800,1530,good,subtraction,0.0023480000000000003,2.9e-05,82.03
569,GPU_2,705210,832,1260,good,subtraction,0.0023604999999999998,3.0999999999999995e-05,78.23
570,GPU_2,720769,608,2137,good,subtraction,0.0024125,3.1e-05,78.495
571,GPU_2,725347,544,2571,good,subtraction,0.0024275,3.3e-05,73.34
572,GPU_2,726100,559,1709,bad,subtraction,0.00243,3.45e-05,71.67
573,GPU_2,727656,864,985,good,subtraction,0.002434,2.7e-05,90.875
574,GPU_2,731630,800,1615,good,subtraction,0.0024495,2.95e-05,82.9
575,GPU_2,740893,819,1320,bad,subtraction,0.002478,2.8e-05,88.15
576,GPU_2,743763,288,4361,good,subtraction,0.00249,2.9e-05,87.08500000000001
577,GPU_2,745365,368,3784,bad,subtraction,0.0024955,2.9e-05,85.465
578,GPU_2,748653,273,5099,bad,subtraction,0.0025069999999999997,3e-05,83.17
579,GPU_2,749367,768,1215,good,subtraction,0.0025095,2.8e-05,89.985
580,GPU_2,754206,1002,1469,bad,subtraction,0.002524,3e-05,83.86500000000001
581,GPU_2,754626,992,1044,good,subtraction,0.002529,2.8e-05,91.68
582,GPU_2,768835,295,4189,bad,subtraction,0.002574,2.9e-05,89.53
583,GPU_2,798579,672,2054,good,subtraction,0.0026735,3.15e-05,84.36500000000001
584,GPU_2,799059,576,2097,good,subtraction,0.0026765,3.2500000000000004e-05,82.345
585,GPU_2,804732,464,3156,bad,subtraction,0.0026945,3.1e-05,88.075
586,GPU_2,831298,749,1303,bad,subtraction,0.002783,3.25e-05,85.585
587,GPU_2,845492,192,4747,good,subtraction,0.0028315,2.9e-05,98.755
588,GPU_2,853597,390,3385,bad,subtraction,0.0028575,3.15e-05,91.005
589,GPU_2,888910,320,3932,good,subtraction,0.0029760000000000003,3.1e-05,94.935
590,GPU_2,890288,270,4247,bad,subtraction,0.002979,3.1e-05,96.82
591,GPU_2,898121,913,1050,bad,subtraction,0.0030085,3.15e-05,95.645
592,GPU_2,900094,82,14721,bad,subtraction,0.0030105,3.35e-05,90.13
593,GPU_2,908096,997,1404,bad,subtraction,0.0030415,3.3e-05,93.05000000000001
594,GPU_2,912478,192,8257,good,subtraction,0.003053,3.3e-05,93.17
595,GPU_2,916428,226,6022,bad,subtraction,0.003068,3.2500000000000004e-05,95.51499999999999
596,GPU_2,938584,263,4804,bad,subtraction,0.0031425000000000003,3.3e-05,96.045
597,GPU_2,955496,256,7360,good,subtraction,0.003199,3.4e-05,93.725
598,GPU_2,958317,682,1968,bad,subtraction,0.0032065,3.45e-05,93.72
599,GPU_2,966716,373,3306,bad,subtraction,0.003236,3.3e-05,98.465
600,GPU_2,985294,169,9424,bad,subtraction,0.0032944999999999997,3.8e-05,87.85
601,GPU_2,994508,734,2325,bad,subtraction,0.0033309999999999998,3.9e-05,85.97999999999999
602,GPU_2,1000688,160,11611,good,subtraction,0.0033480000000000003,3.5499999999999996e-05,94.375
603,GPU_2,1019100,64,21205,good,subtraction,0.003411,3.7e-05,92.775
604,GPU_2,1043712,498,3536,bad,subtraction,0.003495,3.5499999999999996e-05,97.55
605,GPU_2,1058633,329,3969,bad,subtraction,0.0035425,3.5e-05,101.24000000000001
606,GPU_2,1065969,288,6745,good,subtraction,0.0035694999999999998,3.7500000000000003e-05,94.84
607,GPU_2,1081534,412,3713,bad,subtraction,0.0036155,3.6e-05,99.72
608,GPU_2,1085472,195,6182,bad,subtraction,0.003635,3.45e-05,105.86500000000001
609,GPU_2,1101417,768,2765,good,subtraction,0.003685,4e-05,91.5
610,GPU_2,1128000,256,4908,good,subtraction,0.0037735,4.4e-05,89.475
611,GPU_2,1154707,256,4932,good,subtraction,0.0038655,3.5999999999999994e-05,107.76
612,GPU_2,1171765,119,15186,bad,subtraction,0.003924,3.95e-05,99.18
613,GPU_2,1199140,276,6333,bad,subtraction,0.0040125000000000004,3.95e-05,101.275
614,GPU_2,1200169,639,3335,bad,subtraction,0.0040165,5.1500000000000005e-05,79.865
615,GPU_2,1204392,485,3452,bad,subtraction,0.004029,3.9e-05,103.84
616,GPU_2,1204853,296,6480,bad,subtraction,0.0040669999999999994,3.95e-05,102.99
617,GPU_2,1240123,768,1871,good,subtraction,0.004148499999999999,3.95e-05,104.78999999999999
618,GPU_2,1240406,96,20611,good,subtraction,0.004163,4.4999999999999996e-05,92.495
619,GPU_2,1250517,996,1431,bad,subtraction,0.004184500000000001,3.85e-05,108.75
620,GPU_2,1260163,904,2680,bad,subtraction,0.0042165,4.3e-05,97.5
621,GPU_2,1281221,128,15943,good,subtraction,0.004286,4.2e-05,102.83500000000001
622,GPU_2,1287983,303,8360,bad,subtraction,0.004309,4.6500000000000005e-05,93.59
623,GPU_2,1333784,800,2689,good,subtraction,0.0044645,4.35e-05,101.58500000000001
624,GPU_2,1343336,707,3403,bad,subtraction,0.0044965000000000005,4.6500000000000005e-05,96.28999999999999
625,GPU_2,1344456,608,4313,good,subtraction,0.0045035000000000006,4.85e-05,92.63
626,GPU_2,1384747,992,1469,good,subtraction,0.0046345,4.1e-05,112.45
627,GPU_2,1385023,977,1781,bad,subtraction,0.0046355,4.3e-05,108.065
628,GPU_2,1385332,51,42787,bad,subtraction,0.0046355,5.3e-05,87.10499999999999
629,GPU_2,1393545,992,2608,good,subtraction,0.0046654999999999995,4.5e-05,103.66
630,GPU_2,1428712,326,7122,bad,subtraction,0.0047834999999999996,4.7e-05,101.83
631,GPU_2,1435456,96,16966,good,subtraction,0.0048125,4.3e-05,111.86
632,GPU_2,1453672,288,6474,good,subtraction,0.00487,4.35e-05,111.92
633,GPU_2,1474115,68,36778,bad,subtraction,0.0049575,0.000205,51.805
634,GPU_2,1487871,1021,1890,bad,subtraction,0.0049895,4.45e-05,112.465
635,GPU_2,1488621,1022,1939,bad,subtraction,0.004985,4.5e-05,110.325
636,GPU_2,1513953,736,2346,good,subtraction,0.0051735,4.55e-05,113.33000000000001
637,GPU_2,1521675,640,3117,good,subtraction,0.0050995,4.75e-05,106.86000000000001
638,GPU_2,1523158,271,8480,bad,subtraction,0.005109000000000001,4.9999999999999996e-05,102.255
639,GPU_2,1525386,704,2286,good,subtraction,0.0051140000000000005,4.5e-05,113.585
640,GPU_2,1541261,768,3609,good,subtraction,0.0051660000000000005,5.8e-05,90.47
641,GPU_2,1544365,640,2629,good,subtraction,0.005185,4.65e-05,111.28999999999999
642,GPU_2,1581945,256,8432,good,subtraction,0.0053025,4.7e-05,112.65
643,GPU_2,1587070,896,2030,good,subtraction,0.0053165,4.65e-05,114.72
644,GPU_2,1604970,62,44694,bad,subtraction,0.0053885,5.9999999999999995e-05,89.215
645,GPU_2,1684704,406,5140,bad,subtraction,0.0056455,4.9999999999999996e-05,113.08500000000001
646,GPU_2,1713979,979,2531,bad,subtraction,0.0057635,5.15e-05,112.465
647,GPU_2,1715243,423,4284,bad,subtraction,0.0057564999999999995,4.9e-05,117.53999999999999
648,GPU_2,1754738,154,18036,bad,subtraction,0.0059055,5.35e-05,109.66999999999999
649,GPU_2,1770658,640,4261,good,subtraction,0.005962,5.6000000000000006e-05,106.235
650,GPU_2,1840824,992,2432,good,subtraction,0.0061825,5.3e-05,116.105
651,GPU_2,1857291,868,2175,bad,subtraction,0.006247,5.2e-05,119.255
652,GPU_2,1859013,160,21249,good,subtraction,0.006257,5.8e-05,107.285
653,GPU_2,1862235,384,5460,good,subtraction,0.0062495,5.3e-05,117.58
654,GPU_2,1906886,834,3433,bad,subtraction,0.0064015,5.7e-05,112.01
655,GPU_2,1912041,501,7350,bad,subtraction,0.0064225,5.85e-05,109.74000000000001
656,GPU_2,1927918,256,9833,good,subtraction,0.006479,5.3e-05,121.565
657,GPU_2,1967420,896,2943,good,subtraction,0.0066155,5.7e-05,115.755
658,GPU_2,1973616,681,4100,bad,subtraction,0.0066335,5.9e-05,111.69
659,GPU_2,2059671,328,12386,bad,subtraction,0.006949,6.6e-05,104.805
660,GPU_2,2087047,999,3526,bad,subtraction,0.007045,6.3e-05,111.925
661,GPU_2,2097614,200,18097,bad,subtraction,0.007075,6.3e-05,111.44
662,GPU_2,2108446,640,6453,good,subtraction,0.0071125,7.05e-05,101.43
663,GPU_2,2108566,992,2810,good,subtraction,0.0070785,5.85e-05,120.33000000000001
664,GPU_2,2113312,576,7241,good,subtraction,0.007149,7.25e-05,98.31
665,GPU_2,2132301,544,4757,good,subtraction,0.0071725,6.549999999999999e-05,109.955
666,GPU_2,2137806,272,9663,bad,subtraction,0.007212,6.05e-05,119.955
667,GPU_2,2177136,916,3184,bad,subtraction,0.007341,6.2e-05,117.69999999999999
668,GPU_2,2195645,384,7432,good,subtraction,0.007396,6.15e-05,120.345
669,GPU_2,2292027,937,3451,bad,subtraction,0.0077155,6.549999999999999e-05,118.02
670,GPU_2,2299221,800,4303,good,subtraction,0.0077625,6.65e-05,117.225
671,GPU_2,2302046,378,10853,bad,subtraction,0.0077575000000000005,6.95e-05,111.895
672,GPU_2,2303237,992,2955,good,subtraction,0.007767,6.25e-05,124.19
673,GPU_2,2307132,608,5836,good,subtraction,0.0077824999999999995,7.05e-05,110.125
674,GPU_2,2329218,544,7728,good,subtraction,0.0078475,7.8e-05,100.445
675,GPU_2,2332055,683,5248,bad,subtraction,0.0078515,6.95e-05,112.91499999999999
676,GPU_2,2357186,640,5320,good,subtraction,0.007948,6.9e-05,115.185
677,GPU_2,2415736,414,8217,bad,subtraction,0.0081475,6.8e-05,120.58500000000001
678,GPU_2,2439164,224,17793,good,subtraction,0.0082325,7e-05,118.22999999999999
679,GPU_2,2456897,128,35774,good,subtraction,0.008315,7.7e-05,107.88499999999999
680,GPU_2,2457521,896,4492,good,subtraction,0.0083265,7.05e-05,118.06
681,GPU_2,2462502,224,17356,good,subtraction,0.008303999999999999,6.95e-05,118.86
682,GPU_2,2498370,413,9857,bad,subtraction,0.008459999999999999,7.25e-05,116.93
683,GPU_2,2521582,761,4433,bad,subtraction,0.008537,7e-05,122.6
684,GPU_2,2531482,800,5217,good,subtraction,0.008559,7.4e-05,115.78999999999999
685,GPU_2,2540287,401,10202,bad,subtraction,0.00858,7.35e-05,116.83
686,GPU_2,2578750,160,27641,good,subtraction,0.008718,7.6e-05,114.75999999999999
687,GPU_2,2625920,736,4139,good,subtraction,0.00893,7.1e-05,126.16
688,GPU_2,2641309,922,4521,bad,subtraction,0.008907,7.5e-05,118.24000000000001
689,GPU_2,2657642,644,8095,bad,subtraction,0.0089935,8.6e-05,104.985
690,GPU_2,2663574,852,3351,bad,subtraction,0.008982,7.1e-05,126.925
691,GPU_2,2789366,456,10429,bad,subtraction,0.009444500000000002,7.9e-05,119.155
692,GPU_2,2815760,841,4598,bad,subtraction,0.009521,7.75e-05,122.61500000000001
693,GPU_2,2830925,626,6816,bad,subtraction,0.009561,8.35e-05,114.91999999999999
694,GPU_2,2844298,896,4061,good,subtraction,0.0096195,7.6e-05,126.75999999999999
695,GPU_2,2903208,45,64865,good,subtraction,0.00984,7.5e-05,131.60500000000002
696,GPU_2,2909027,524,7612,bad,subtraction,0.0098295,9e-05,109.18
697,GPU_2,2933468,436,12382,bad,subtraction,0.0100265,8.5e-05,117.905
698,GPU_2,2937166,192,16486,good,subtraction,0.009947000000000001,7.6e-05,131.27
699,GPU_2,2972210,984,5987,bad,subtraction,0.0100675,8.7e-05,115.345
700,GPU_2,2977716,973,3570,bad,subtraction,0.010071,7.8e-05,129.54
701,GPU_2,2978868,640,7415,good,subtraction,0.010069999999999999,8.8e-05,114.62
702,GPU_2,2980301,640,6452,good,subtraction,0.010073499999999999,8.5e-05,119.075
703,GPU_2,3020292,799,7084,bad,subtraction,0.0102635,8.950000000000001e-05,114.69
704,GPU_2,3028307,768,4934,good,subtraction,0.010274,8.2e-05,125.41499999999999
705,GPU_2,3046755,266,21736,bad,subtraction,0.010367,9e-05,115.045
706,GPU_2,3089377,992,4438,good,subtraction,0.010505,8.3e-05,126.82499999999999
707,GPU_2,3157842,512,7032,good,subtraction,0.010695,8.1e-05,132.73
708,GPU_2,3160876,470,11342,bad,subtraction,0.010734,8.7e-05,122.805
709,GPU_2,3178762,160,39510,good,subtraction,0.010749,9.5e-05,113.61500000000001
710,GPU_2,3190699,702,5755,bad,subtraction,0.0108695,8.6e-05,126.36500000000001
711,GPU_2,3208581,541,11549,bad,subtraction,0.010897,0.000108,100.845
712,GPU_2,3265164,256,20157,good,subtraction,0.011099000000000001,8.85e-05,125.31
713,GPU_2,3321672,160,33624,good,subtraction,0.011276000000000001,9.3e-05,121.75999999999999
714,GPU_2,3330820,288,12096,good,subtraction,0.0113265,8.45e-05,133.51999999999998
715,GPU_2,3356292,896,4125,good,subtraction,0.011426,8.6e-05,132.83499999999998
716,GPU_2,3415117,992,4796,good,subtraction,0.011599499999999999,9.15e-05,126.39
717,GPU_2,3424525,192,31348,good,subtraction,0.011615,9.6e-05,120.665
718,GPU_2,3446077,638,6771,bad,subtraction,0.011695,9.4e-05,124.435
719,GPU_2,3450847,64,64743,good,subtraction,0.011755499999999999,9.6e-05,122.5
720,GPU_2,3532372,56,65050,bad,subtraction,0.012011,8.950000000000001e-05,134.485
721,GPU_2,3537919,896,5637,good,subtraction,0.012032,9.4e-05,127.565
722,GPU_2,3566950,832,6327,good,subtraction,0.0121285,9.6e-05,126.04499999999999
723,GPU_2,3606879,512,10415,good,subtraction,0.012274,9.449999999999999e-05,129.565
724,GPU_2,3614815,800,5324,good,subtraction,0.012289,9.4e-05,130.89
725,GPU_2,3619573,576,12413,good,subtraction,0.0123315,0.0001165,105.795
726,GPU_2,3630785,416,11627,good,subtraction,0.012334999999999999,9.5e-05,129.615
727,GPU_2,3641283,992,5190,good,subtraction,0.012398,9.7e-05,128.125
728,GPU_2,3659890,816,5233,bad,subtraction,0.012438999999999999,9.4e-05,132.03500000000003
729,GPU_2,3697623,1024,6646,good,subtraction,0.0125785,0.000103,122.0
730,GPU_2,3731027,928,4416,good,subtraction,0.0127005,9.4e-05,134.81
731,GPU_2,3784291,864,7767,good,subtraction,0.012922,0.000106,121.33500000000001
732,GPU_2,3804773,416,13139,good,subtraction,0.012965500000000001,0.0001005,129.01999999999998
733,GPU_2,3815965,160,27011,good,subtraction,0.013042999999999999,9.55e-05,136.65
734,GPU_2,3834731,588,11174,bad,subtraction,0.013098499999999999,0.000116,113.11
735,GPU_2,3889546,832,8908,good,subtraction,0.013326999999999999,0.000112,119.265
736,GPU_2,3898295,634,7582,bad,subtraction,0.01335,0.000103,129.09
737,GPU_2,3899054,96,63348,good,subtraction,0.013319000000000001,0.000112,118.855
738,GPU_2,3900362,1024,7569,good,subtraction,0.0133465,0.00011,121.68
739,GPU_2,3926797,135,46749,bad,subtraction,0.0134475,0.0001095,122.36
740,GPU_2,3945754,576,7432,good,subtraction,0.013444,0.000104,128.71499999999997
741,GPU_2,3947823,96,60320,good,subtraction,0.0135765,0.0001135,119.615
742,GPU_2,3995811,384,16283,good,subtraction,0.013639,0.000111,123.045
743,GPU_2,4005291,832,8483,good,subtraction,0.013675,0.0001115,122.765
744,GPU_2,4044484,448,17488,good,subtraction,0.013806,0.000116,118.785
745,GPU_2,4047914,624,12390,bad,subtraction,0.013884500000000001,0.000124,112.055
746,GPU_2,4168839,1024,4540,good,subtraction,0.0142795,0.0008875,73.375
747,GPU_2,4182101,681,10127,bad,subtraction,0.0144265,0.00011899999999999999,121.09
748,GPU_2,4185018,384,19181,good,subtraction,0.014325000000000001,0.00012,119.63499999999999
749,GPU_2,4194304,1015,4419,bad,subtraction,0.014357,0.0001035,139.14499999999998
750,GPU_2,4194304,65,65180,good,subtraction,0.014331,0.000108,132.64
751,GPU_2,4194304,428,13217,bad,subtraction,0.014373,0.000108,133.57
752,GPU_2,4194304,65,64757,bad,subtraction,0.0143685,0.000105,136.55
753,GPU_2,4194304,928,8808,good,subtraction,0.01432,0.00011850000000000001,120.785
754,GPU_2,4194304,883,8328,bad,subtraction,0.0143525,0.000116,123.66499999999999
755,GPU_2,4194304,544,10013,good,subtraction,0.014339000000000001,0.00012100000000000001,118.705
756,GPU_2,4194304,65,65315,good,subtraction,0.014380500000000001,0.0001095,131.345
757,GPU_2,4194304,384,21380,good,subtraction,0.0143885,0.0001205,119.53
758,GPU_2,4194304,971,5994,bad,subtraction,0.014383,0.00010850000000000001,132.41
759,GPU_2,4194304,907,6275,bad,subtraction,0.014353000000000001,0.0001095,131.305
760,GPU_2,4194304,958,7059,bad,subtraction,0.0143685,0.000113,127.56
761,GPU_2,4194304,288,23414,good,subtraction,0.0143615,0.000113,127.28
762,GPU_2,4194304,832,7688,good,subtraction,0.0143445,0.0001105,129.8
763,GPU_2,4194304,416,10915,good,subtraction,0.014367000000000001,0.000105,137.055
764,GPU_2,4194304,83,63222,bad,subtraction,0.014325000000000001,0.0002615,81.6
765,GPU_2,4194304,366,20081,bad,subtraction,0.014377000000000001,0.00011850000000000001,121.575
766,GPU_2,4194304,944,4497,bad,subtraction,0.014368,0.0001035,138.78
767,GPU_2,4194304,480,13891,good,subtraction,0.014359,0.000112,128.54
768,GPU_2,4194304,960,7429,good,subtraction,0.0143835,0.000114,126.105
769,GPU_2,4194304,599,7561,bad,subtraction,0.014339000000000001,0.00026,82.855
770,GPU_2,4194304,224,30611,good,subtraction,0.014329999999999999,0.000111,129.655
771,GPU_2,4194304,769,7742,bad,subtraction,0.0143915,0.000112,128.95
772,GPU_2,4194304,982,5490,bad,subtraction,0.0143665,0.000107,134.57999999999998
773,GPU_2,4194304,672,9906,good,subtraction,0.0143685,0.000267,78.28999999999999
774,GPU_2,4194304,970,8339,bad,subtraction,0.0143715,0.000118,122.05
775,GPU_2,4194304,754,8198,bad,subtraction,0.014365,0.000114,125.815
776,GPU_2,4194304,970,8373,bad,subtraction,0.0143295,0.0001175,122.315
777,GPU_2,4194304,704,9884,good,subtraction,0.0143825,0.001345,63.48
778,GPU_2,4194304,286,17199,bad,subtraction,0.014377000000000001,0.000106,135.28
779,GPU_2,4194304,448,16580,good,subtraction,0.014332999999999999,0.0001145,125.48500000000001
780,GPU_2,4194304,544,15257,good,subtraction,0.014371499999999999,0.0001385,103.78999999999999
781,GPU_2,4194304,928,7698,good,subtraction,0.0143615,0.000146,102.775
782,GPU_2,4194304,591,7191,bad,subtraction,0.0143595,0.000108,133.1
783,GPU_2,4194304,128,51461,good,subtraction,0.0143495,0.0001165,123.215
784,GPU_2,4194304,65,65167,good,subtraction,0.0143975,0.000104,137.91
785,GPU_2,4194304,148,35134,bad,subtraction,0.0143905,0.00010850000000000001,132.91
786,GPU_2,4194304,740,10206,bad,subtraction,0.014356,0.0001205,119.525
787,GPU_2,4194304,65,64680,good,subtraction,0.0143655,0.000105,136.76999999999998
788,GPU_2,4194304,166,39251,bad,subtraction,0.014360999999999999,0.0001135,126.455
789,GPU_2,4194304,128,33373,good,subtraction,0.0143465,0.000103,139.665
790,GPU_2,4194304,661,10365,bad,subtraction,0.014366,0.00012,119.69
791,GPU_2,4194304,320,22184,good,subtraction,0.0143885,0.0001135,126.785
792,GPU_2,4194304,78,53969,bad,subtraction,0.014422500000000001,0.0001035,139.155
793,GPU_2,4194304,544,12716,good,subtraction,0.014357499999999999,0.00013000000000000002,110.48500000000001
794,GPU_2,4194304,224,29006,good,subtraction,0.014379,0.000111,129.725
795,GPU_2,4194304,624,12683,bad,subtraction,0.0143935,0.000127,113.355
796,GPU_2,4194304,992,4827,good,subtraction,0.0143905,0.00010449999999999999,137.48000000000002
797,GPU_2,4194304,416,16117,good,subtraction,0.0143595,0.000111,129.575
798,GPU_2,4194304,166,31353,bad,subtraction,0.014329000000000001,0.0001075,133.445
799,GPU_2,4194304,928,7296,good,subtraction,0.014364499999999999,0.0001125,127.66999999999999
800,GPU_2,4194304,683,9107,bad,subtraction,0.014374000000000001,0.0003075,53.12
801,GPU_2,4194304,128,52398,good,subtraction,0.0143655,0.0001175,122.425
802,GPU_2,4194304,129,34354,bad,subtraction,0.01437,0.000104,137.69
803,GPU_2,4194304,608,9539,good,subtraction,0.0143665,0.0001365,107.85499999999999
804,GPU_2,4194304,1024,8050,good,subtraction,0.0143905,0.000118,121.855
805,GPU_2,4194304,350,20540,bad,subtraction,0.0143455,0.0001175,122.235
806,GPU_2,4194304,896,9148,good,subtraction,0.014450000000000001,0.0001195,121.07
807,GPU_2,4194304,224,29872,good,subtraction,0.0143375,0.000112,127.96000000000001
808,GPU_2,4194304,448,12278,good,subtraction,0.014336000000000002,0.0001075,133.435
809,GPU_2,4194304,941,5530,bad,subtraction,0.0143605,0.000107,134.14
810,GPU_2,4194304,993,6661,bad,subtraction,0.01437,0.000111,129.435
811,GPU_2,4194304,973,4562,bad,subtraction,0.014399499999999999,0.000103,139.22
812,GPU_2,4194304,477,10074,bad,subtraction,0.014388,0.000104,137.755
813,GPU_2,4194304,601,10718,bad,subtraction,0.01439,0.000121,119.15
814,GPU_2,4194304,544,9414,good,subtraction,0.0143305,0.00012100000000000001,118.63
815,GPU_2,4194304,460,11561,bad,subtraction,0.014359,0.0001055,135.63
816,GPU_2,4194304,544,9095,good,subtraction,0.0143325,0.0014414999999999999,63.95
817,GPU_2,4194304,393,15751,bad,subtraction,0.014325999999999998,0.000111,129.07
818,GPU_2,4194304,597,10494,bad,subtraction,0.014384000000000001,0.00011999999999999999,119.99
819,GPU_2,4194304,635,10174,bad,subtraction,0.014361,0.000118,121.67
820,GPU_2,4194304,928,8685,good,subtraction,0.0143725,0.00011850000000000001,121.32499999999999
821,GPU_2,4194304,241,27088,bad,subtraction,0.0143575,0.0025915,5.54
822,GPU_2,4194304,320,19006,good,subtraction,0.014391000000000001,0.0013514999999999998,68.34
823,GPU_2,4194304,544,12682,good,subtraction,0.0143305,0.0014464999999999999,58.275
824,GPU_2,4194304,182,23226,bad,subtraction,0.014357499999999999,0.0025789999999999997,5.5649999999999995
825,GPU_2,4194304,1015,6271,bad,subtraction,0.014356500000000001,0.001507,19.87
826,GPU_2,4194304,65,65252,good,subtraction,0.014332000000000001,0.0025849999999999996,5.545
827,GPU_2,4194304,928,6963,good,subtraction,0.014308999999999999,0.0025885,5.529999999999999
828,GPU_2,4194304,992,8276,good,subtraction,0.0143025,0.0026715000000000003,5.355
829,GPU_2,4194304,913,8201,bad,subtraction,0.014328500000000001,0.001428,64.965
830,GPU_2,4194304,288,27577,good,subtraction,0.014311500000000001,0.0025954999999999997,5.515
831,GPU_2,4194304,1024,5650,good,subtraction,0.0143575,0.002588,5.550000000000001
832,GPU_2,4194304,759,7201,bad,subtraction,0.014374999999999999,0.001351,68.225
833,GPU_2,4194304,128,44584,good,subtraction,0.0143725,0.000108,132.71
834,GPU_2,4194304,672,9147,good,subtraction,0.014366,0.0001155,124.31
835,GPU_2,4194304,330,15673,bad,subtraction,0.014335,0.0001095,131.43
836,GPU_2,4194304,832,7093,good,subtraction,0.014355,0.0001105,129.95499999999998
837,GPU_2,4194304,883,6764,bad,subtraction,0.0143625,0.0001105,130.25
838,GPU_2,4194304,280,16981,bad,subtraction,0.0143395,0.000105,136.475
839,GPU_2,4194304,905,8179,bad,subtraction,0.014334,0.000156,98.32499999999999
840,GPU_2,4194304,876,9002,bad,subtraction,0.01435,0.00011850000000000001,121.1
841,GPU_2,4194304,544,10113,good,subtraction,0.014343999999999999,0.0001195,119.93
842,GPU_2,4194304,325,24076,bad,subtraction,0.01437,0.0001225,117.115
843,GPU_2,4194304,514,14994,bad,subtraction,0.0144055,0.000207,69.72
844,GPU_2,4194304,997,6261,bad,subtraction,0.0143465,0.0025954999999999997,5.525
845,GPU_2,4194304,1024,6146,good,subtraction,0.014319,0.0013469999999999999,70.04
846,GPU_2,4194304,672,11733,good,subtraction,0.014326499999999999,0.001366,60.135
847,GPU_2,4194304,416,14594,good,subtraction,0.014342500000000001,0.001352,67.705
848,GPU_2,4194304,99,49946,bad,subtraction,0.014308999999999999,0.0013485,68.69
849,GPU_2,4194304,224,30639,good,subtraction,0.014325000000000001,0.0025615,5.595
850,GPU_2,4194304,320,18138,good,subtraction,0.0143615,0.001348,68.875
851,GPU_2,4194304,971,6946,bad,subtraction,0.014328,0.0013505,66.30499999999999
852,GPU_2,4194304,682,8694,bad,subtraction,0.014369,0.000114,126.225
853,GPU_2,4194304,418,10239,bad,subtraction,0.014357499999999999,0.000103,139.26999999999998
854,GPU_2,4194304,640,11518,good,subtraction,0.01436,0.0001225,117.26
855,GPU_2,4194304,384,15190,good,subtraction,0.0143365,0.00011,130.565
856,GPU_2,4194304,320,24235,good,subtraction,0.01437,0.0001155,124.21000000000001
857,GPU_2,4194304,128,46761,good,subtraction,0.0143535,0.000112,128.23000000000002
858,GPU_2,4194304,877,7414,bad,subtraction,0.0143545,0.00011,130.64
859,GPU_2,4194304,448,14311,good,subtraction,0.0143375,0.0011985,67.97500000000001
860,GPU_2,4194304,452,11053,bad,subtraction,0.0143485,0.00010549999999999999,135.515
861,GPU_2,4194304,671,8963,bad,subtraction,0.014381,0.000115,125.18
862,GPU_2,4194304,780,9233,bad,subtraction,0.0143655,0.000117,122.855
863,GPU_2,4194304,768,7744,good,subtraction,0.014364,0.000112,128.065
864,GPU_2,4194304,96,47647,good,subtraction,0.014391,0.00010850000000000001,133.215
865,GPU_2,4194304,772,6346,bad,subtraction,0.014478,0.000107,135.5
866,GPU_2,4194304,128,49504,good,subtraction,0.0143575,0.0001145,125.41499999999999
867,GPU_2,4194304,359,13051,bad,subtraction,0.014370500000000001,0.000105,136.485
868,GPU_2,4194304,605,8794,bad,subtraction,0.0143935,0.0001135,126.495
869,GPU_2,4194304,745,8085,bad,subtraction,0.0143675,0.0001105,129.885
870,GPU_2,4194304,718,8204,bad,subtraction,0.014346,0.000111,129.225
871,GPU_2,4194304,524,15637,bad,subtraction,0.0143595,0.00014,102.445
872,GPU_2,4194304,512,12873,good,subtraction,0.014426000000000001,0.000111,130.445
873,GPU_2,4194304,896,7987,good,subtraction,0.014374,0.000264,79.91499999999999
874,GPU_2,4194304,704,8998,good,subtraction,0.014341,0.000115,125.03999999999999
875,GPU_2,4194304,672,7143,good,subtraction,0.014331,0.0001075,133.19
876,GPU_2,4194304,251,25898,bad,subtraction,0.014385499999999999,0.0001105,130.685
877,GPU_2,4194304,127,64980,bad,subtraction,0.014356,0.0001235,115.965
878,GPU_2,4194304,92,54570,bad,subtraction,0.01435,0.000109,131.835
879,GPU_2,4194304,829,5592,bad,subtraction,0.014398500000000002,0.0001025,140.255
880,GPU_2,4194304,304,13981,bad,subtraction,0.014340499999999999,0.0001025,139.845
881,GPU_2,4194304,160,34736,good,subtraction,0.0143455,0.00011200000000000001,128.64499999999998
882,GPU_2,4194304,911,6252,bad,subtraction,0.014366,0.000109,132.215
883,GPU_2,4194304,800,9178,good,subtraction,0.014325999999999998,0.000135,108.065
884,GPU_2,4194304,896,7228,good,subtraction,0.0144,0.000112,128.59
885,GPU_2,4194304,169,30336,bad,subtraction,0.0143605,0.000107,133.885
886,GPU_2,4194304,256,22182,good,subtraction,0.014345,0.0001065,134.35500000000002
887,GPU_2,4194304,220,24536,bad,subtraction,0.014393,0.0002545,85.555
888,GPU_2,4194304,450,9834,bad,subtraction,0.014329,0.0001035,138.325
889,GPU_2,4194304,576,9728,good,subtraction,0.014433000000000001,0.000118,122.455
890,GPU_2,4194304,96,63805,good,subtraction,0.014346999999999999,0.000116,123.825
891,GPU_2,4194304,527,9140,bad,subtraction,0.014380500000000001,0.00011850000000000001,121.53999999999999
892,GPU_2,4194304,231,27654,bad,subtraction,0.014359,0.0001105,129.61
893,GPU_2,4194304,896,4920,good,subtraction,0.0143905,0.000104,138.56
894,GPU_2,4194304,1004,6643,bad,subtraction,0.014374999999999999,0.000261,83.015
895,GPU_2,4194304,576,7576,good,subtraction,0.0143585,0.00010899999999999999,131.45999999999998
896,GPU_2,4194304,849,7644,bad,subtraction,0.01435,0.0001125,127.49000000000001
897,GPU_2,4194304,278,22533,bad,subtraction,0.014381000000000001,0.000112,128.85000000000002
898,GPU_2,4194304,177,37744,bad,subtraction,0.014417,0.0001135,126.7
899,GPU_2,4194304,719,5865,bad,subtraction,0.014354,0.000105,137.195
900,GPU_2,4194304,416,12993,good,subtraction,0.014412999999999999,0.0001065,135.01
901,GPU_2,4194304,448,13202,good,subtraction,0.014324,0.000109,131.85
902,GPU_2,4194304,352,21675,good,subtraction,0.0143525,0.0001195,119.795
903,GPU_2,4194304,800,10119,good,subtraction,0.0143565,0.0001215,118.05
904,GPU_2,4194304,864,6661,good,subtraction,0.0143595,0.0002585,83.73500000000001
905,GPU_2,4194304,558,12104,bad,subtraction,0.0143745,0.000137,105.52000000000001
906,GPU_2,4194304,251,21117,bad,subtraction,0.014383,0.0001055,135.88
907,GPU_2,4194304,864,6028,good,subtraction,0.014373,0.0001055,135.87
908,GPU_2,4194304,544,13092,good,subtraction,0.0143435,0.00013099999999999999,109.435
909,GPU_2,4194304,139,32379,bad,subtraction,0.0143515,0.000104,137.68
910,GPU_2,4194304,392,12987,bad,subtraction,0.014463,0.0001065,135.82999999999998
911,GPU_2,4194304,895,9047,bad,subtraction,0.014353000000000001,0.000118,121.355
912,GPU_2,4194304,160,35863,good,subtraction,0.014346999999999999,0.0001105,130.33499999999998
913,GPU_2,4194304,192,23401,good,subtraction,0.014342500000000001,0.0001035,138.51
914,GPU_2,4194304,134,49782,bad,subtraction,0.014341,0.0001165,123.185
915,GPU_2,4194304,1017,7343,bad,subtraction,0.014395999999999999,0.0001145,126.175
916,GPU_2,4194304,208,34410,bad,subtraction,0.014360000000000001,0.0001155,124.535
917,GPU_2,4194304,150,36408,bad,subtraction,0.0143205,0.00010850000000000001,132.07
918,GPU_2,4194304,854,5752,bad,subtraction,0.014394,0.0001055,136.53500000000003
919,GPU_2,4194304,267,17806,bad,subtraction,0.0143965,0.000104,137.98000000000002
920,GPU_2,4194304,885,8339,bad,subtraction,0.014385499999999999,0.000116,123.86
921,GPU_2,4194304,82,52272,bad,subtraction,0.014368,0.0001035,138.99
922,GPU_2,4194304,704,10352,good,subtraction,0.014407,0.00012,120.03
923,GPU_2,4194304,561,14932,bad,subtraction,0.0144,0.000139,103.41
924,GPU_2,4194304,320,20554,good,subtraction,0.014395000000000002,0.0001115,129.62
925,GPU_2,4194304,65,65397,good,subtraction,0.0143825,0.0001055,136.33499999999998
926,GPU_2,4194304,864,8704,good,subtraction,0.014351,0.0001175,122.05000000000001
927,GPU_2,4194304,544,12757,good,subtraction,0.0143795,0.000129,111.56
928,GPU_2,4194304,128,63705,good,subtraction,0.014388000000000001,0.00012550000000000001,114.91
929,GPU_2,4194304,66,64796,bad,subtraction,0.0144135,0.000105,137.365
930,GPU_2,4194304,724,8406,bad,subtraction,0.01439,0.0001135,126.995
931,GPU_2,4194304,65,64845,good,subtraction,0.0144075,0.00010449999999999999,138.04000000000002
932,GPU_2,4194304,702,11801,bad,subtraction,0.014356,0.000125,114.915
933,GPU_2,4194304,751,7519,bad,subtraction,0.014368,0.0001105,130.375
934,GPU_2,4194304,480,14409,good,subtraction,0.0143395,0.000111,129.4
935,GPU_2,4194304,422,15963,bad,subtraction,0.014394,0.000111,129.905
936,GPU_2,4194304,656,7472,bad,subtraction,0.0144415,0.000109,132.27
937,GPU_2,4194304,252,18569,bad,subtraction,0.0143755,0.0001035,138.39999999999998
938,GPU_2,4194304,608,8147,good,subtraction,0.014373,0.0002605,82.185
939,GPU_2,4194304,288,15674,good,subtraction,0.0143365,0.000103,138.845
940,GPU_2,4194304,864,7808,good,subtraction,0.0143465,0.0001135,126.44999999999999
941,GPU_2,4194304,832,7664,good,subtraction,0.014380500000000001,0.000114,126.525
942,GPU_2,4194304,989,6790,bad,subtraction,0.014303,0.0001125,127.27
943,GPU_2,4194304,576,14289,good,subtraction,0.0143475,0.0001335,107.37
944,GPU_2,4194304,931,7814,bad,subtraction,0.014348,0.000116,123.72999999999999
945,GPU_2,4194304,608,10619,good,subtraction,0.0144135,0.0001235,116.87
946,GPU_2,4194304,640,8771,good,subtraction,0.0143365,0.000892,67.97
947,GPU_2,4194304,448,18105,good,subtraction,0.014322499999999998,0.000117,122.59
948,GPU_2,4194304,1016,6954,bad,subtraction,0.0143635,0.00011300000000000001,127.05000000000001
949,GPU_2,4194304,640,12459,good,subtraction,0.014380500000000001,0.00012649999999999998,113.58500000000001
950,GPU_2,4194304,128,62149,good,subtraction,0.0143905,0.0001245,115.485
951,GPU_2,4194304,221,36466,bad,subtraction,0.014357,0.00011850000000000001,120.955
952,GPU_2,4194304,1017,8045,bad,subtraction,0.014339000000000001,0.000117,122.465
953,GPU_2,4194304,248,28013,bad,subtraction,0.014345,0.000112,128.035
954,GPU_2,4194304,704,6107,good,subtraction,0.014346999999999999,0.00010449999999999999,136.985
955,GPU_2,4194304,235,30084,bad,subtraction,0.014454,0.000112,129.51
956,GPU_2,4194304,65,64743,good,subtraction,0.0144075,0.000104,138.15
957,GPU_2,4194304,704,8179,good,subtraction,0.014381000000000001,0.000111,129.45499999999998
958,GPU_2,4194304,224,30151,good,subtraction,0.014424,0.0001125,128.22
959,GPU_2,4194304,1001,6803,bad,subtraction,0.014373,0.0001125,127.545
960,GPU_2,4194304,225,30620,bad,subtraction,0.014362,0.000114,126.37
961,GPU_2,4194304,608,9862,good,subtraction,0.0143075,0.0001175,121.845
962,GPU_2,4194304,448,17758,good,subtraction,0.014377500000000001,0.0001165,123.30000000000001
963,GPU_2,4194304,544,8158,good,subtraction,0.014358,0.000114,126.195
964,GPU_2,4194304,96,57651,good,subtraction,0.014363500000000001,0.00011300000000000001,126.925
965,GPU_2,4194304,519,14569,bad,subtraction,0.0143695,0.0009055,56.805
966,GPU_2,4194304,342,14583,bad,subtraction,0.014329999999999999,0.0001065,134.33499999999998
967,GPU_2,4194304,928,5294,good,subtraction,0.0143485,0.000401,78.85
968,GPU_2,4194304,565,14747,bad,subtraction,0.0143305,0.0001365,104.95
969,GPU_2,4194304,160,40005,good,subtraction,0.0143135,0.0001125,127.2
970,GPU_2,4194304,128,38532,good,subtraction,0.014336999999999999,0.0001055,135.79
971,GPU_2,4194304,736,8615,good,subtraction,0.014345,0.000274,70.82000000000001
972,GPU_2,4194304,128,53763,good,subtraction,0.014364,0.000118,122.035
973,GPU_2,4194304,864,6753,good,subtraction,0.014402,0.00011,130.475
974,GPU_2,4194304,480,10910,good,subtraction,0.0143845,0.000106,135.46
975,GPU_2,4194304,800,9399,good,subtraction,0.014377500000000001,0.000117,122.57499999999999
976,GPU_2,4194304,716,9319,bad,subtraction,0.014364499999999999,0.0001165,123.34
977,GPU_2,4194304,832,7838,good,subtraction,0.0143625,0.0001135,126.735
978,GPU_2,4194304,143,39813,bad,subtraction,0.0143795,0.0013319999999999999,68.135
979,GPU_2,4194304,536,8112,bad,subtraction,0.0143135,0.0025645,5.585
980,GPU_2,4194304,1020,5468,bad,subtraction,0.0143235,0.002556,5.605
981,GPU_2,4194304,595,10072,bad,subtraction,0.0143225,0.0025715,5.57
982,GPU_2,4194304,508,8334,bad,subtraction,0.014334,0.0025525,5.615
983,GPU_2,4194304,937,6949,bad,subtraction,0.0143375,0.0026335000000000004,5.449999999999999
984,GPU_2,4194304,192,33482,good,subtraction,0.014368,0.001337,66.79
985,GPU_2,4194304,896,6497,good,subtraction,0.014329000000000001,0.001557,20.355
986,GPU_2,4194304,832,5957,good,subtraction,0.014298,0.001404,70.84
987,GPU_2,4194304,512,11879,good,subtraction,0.014362,0.0013375000000000001,65.605
988,GPU_2,4194304,256,22233,good,subtraction,0.014321,0.001333,69.215
989,GPU_2,4194304,216,35161,bad,subtraction,0.0143675,0.001342,63.66
990,GPU_2,4194304,352,19360,good,subtraction,0.014328,0.0013395,65.22500000000001
991,GPU_2,4194304,106,63894,bad,subtraction,0.01431,0.0013485,61.93
992,GPU_2,4194304,493,16623,bad,subtraction,0.0143165,0.0001195,119.735
993,GPU_2,4194304,439,18239,bad,subtraction,0.014342,0.000117,122.52000000000001
994,GPU_2,4194304,352,15140,good,subtraction,0.01431,0.000108,132.885
995,GPU_2,4194304,1013,6345,bad,subtraction,0.014326,0.000111,129.28
996,GPU_2,4194304,128,60517,good,subtraction,0.0143105,0.00012350000000000002,115.725
997,GPU_2,4194304,912,6246,bad,subtraction,0.014305499999999999,0.000109,131.775
998,GPU_2,4194304,544,9372,good,subtraction,0.0143315,0.0001175,121.99
999,GPU_2,4194304,622,9619,bad,subtraction,0.014306,0.000117,122.685
1000,GPU_2,4194304,96,59110,good,subtraction,0.0142855,0.000114,124.97999999999999
